,id,gender,class
0,f1323_03,M,T
1,s0366_06,M,A
2,s0355_08,M,T
3,f0283_02,M,T
4,s1846_09,F,A
5,f1181_10,F,T
6,s0800_01,M,R
7,f1446_03,M,R
8,f0586_02,M,A
9,f0725_09,F,L
10,f0380_04,M,W
11,f1885_03,F,T
12,s1324_08,M,L
13,f0609_01,F,A
14,s0025_06,M,W
15,s0881_01,M,W
16,f1231_10,M,L
17,f1721_09,M,W
18,s0262_05,M,A
19,s0292_04,M,W
20,s1298_05,M,A
21,f0856_02,F,T
22,f1550_08,M,L
23,s1920_06,M,A
24,s1790_06,M,W
25,f0154_08,M,L
26,s0815_07,M,L
27,f0592_10,M,A
28,s1345_06,M,L
29,s0002_05,M,R
30,f0615_01,F,R
31,f0304_08,M,T
32,s1847_10,M,L
33,f0174_03,M,R
34,f1832_09,F,W
35,f1426_02,M,R
36,s1123_08,M,T
37,f0483_01,M,R
38,f0547_05,F,R
39,s0651_06,M,L
40,f0792_02,M,T
41,f1486_03,M,T
42,s1877_01,M,A
43,s0707_04,M,W
44,f1105_08,M,L
45,f1572_07,F,T
46,s1087_02,F,T
47,f1602_07,M,L
48,f1661_02,F,A
49,f0090_10,M,W
50,s1162_01,F,W
51,s0269_01,M,R
52,s1892_04,M,W
53,s1113_05,M,A
54,f1952_02,M,T
55,s0565_02,M,W
56,s1286_04,M,A
57,f0822_05,M,R
58,s0548_01,M,A
59,s0606_01,M,W
60,s1278_06,M,W
61,f1432_03,M,R
62,s1441_02,M,R
63,s1981_08,M,A
64,f0640_05,F,R
65,f0433_03,M,R
66,s0608_01,M,R
67,s0342_10,F,L
68,f1678_06,M,L
69,f1657_08,M,L
70,f1512_05,M,R
71,f1753_02,M,R
72,s0331_05,M,R
73,f0023_04,M,R
74,s1268_02,M,T
75,f1468_09,M,A
76,s0429_04,M,R
77,s0817_04,M,R
78,s0146_08,M,T
79,f0133_03,M,W
80,s0801_07,M,A
81,s0487_02,M,W
82,s0839_10,M,L
83,s0365_07,M,L
84,s1137_06,M,W
85,f1772_04,F,W
86,s1841_05,M,A
87,s0767_03,M,A
88,s0348_08,M,R
89,s0807_05,F,R
90,s0595_08,M,T
91,f0723_01,M,R
92,f0967_02,M,T
93,s1795_05,M,A
94,s0819_07,M,T
95,f1618_01,F,A
96,s0238_07,M,L
97,s0136_01,F,R
98,s1438_09,M,W
99,s1108_02,M,A
100,s0871_04,M,W
101,s1135_09,M,A
102,f0908_07,F,A
103,s1518_02,F,T
104,s0567_06,M,A
105,f1238_09,M,L
106,f1843_10,F,T
107,f0311_03,M,R
108,f1576_06,M,T
109,s0795_06,M,W
110,s0585_04,M,W
111,s0737_07,M,W
112,s1799_01,M,W
113,s1311_06,M,L
114,s1348_01,M,W
115,s1287_02,M,W
116,s0078_03,M,R
117,f1356_02,M,R
118,f1321_06,M,W
119,f1742_06,M,L
120,f1946_09,M,A
121,f1978_10,M,L
122,f1794_08,M,R
123,s1959_07,F,L
124,s1383_03,M,T
125,s0454_04,M,W
126,f0591_06,M,A
127,s0722_04,F,R
128,f1300_08,M,T
129,f0072_09,M,L
130,f1303_10,M,A
131,s1477_07,M,A
132,s0287_07,M,T
133,f1373_10,M,L
134,f1212_03,M,R
135,s1544_05,M,A
136,f0094_03,M,A
137,s1146_03,F,T
138,s1838_07,F,A
139,f0038_02,M,T
140,f0689_03,M,R
141,f0628_04,F,W
142,f1320_10,F,L
143,f0018_08,F,A
144,s1881_03,M,R
145,f0810_10,M,L
146,s0519_06,F,W
147,s1435_09,M,A
148,s1903_01,M,A
149,s0888_10,F,L
150,f1827_06,M,L
151,s0380_04,M,W
152,s1547_01,M,R
153,s0528_03,M,R
154,f0478_07,M,A
155,f1204_06,F,L
156,f0714_07,M,W
157,f1680_02,M,W
158,s0561_08,M,T
159,s0635_10,M,T
160,f1242_08,M,T
161,f1973_04,M,W
162,f0677_01,M,A
163,f0019_10,M,L
164,f1592_02,M,T
165,s0197_08,M,T
166,s0988_04,M,W
167,f0377_04,M,W
168,f0254_08,M,T
169,f1256_07,M,A
170,s1758_03,M,R
171,s0480_04,F,R
172,f1588_07,F,T
173,f0545_02,M,W
174,s0903_01,M,R
175,s1917_03,M,W
176,f1829_10,M,L
177,s0918_06,M,L
178,f1831_08,M,T
179,f0662_06,M,W
180,f0315_03,M,A
181,f0657_06,M,W
182,f0497_05,M,R
183,f0361_06,F,L
184,s1695_06,M,W
185,s0999_07,F,L
186,s1468_09,M,A
187,f0083_04,M,R
188,s0055_10,M,L
189,f0464_06,M,L
190,s1193_05,M,R
191,s0123_06,F,L
192,f1936_07,M,T
193,s1810_05,F,R
194,s0772_09,M,W
195,s1292_07,F,R
196,f1462_09,F,W
197,f0385_07,M,W
198,s1603_08,F,T
199,s0354_05,F,R
200,f0569_09,M,A
201,s1105_08,M,L
202,f1423_10,M,L
203,f0536_02,M,W
204,f0390_09,M,W
205,s1444_01,M,W
206,f1719_02,M,T
207,s1077_10,M,L
208,f1765_06,M,L
209,s1485_05,M,R
210,s1538_04,M,R
211,s1302_02,M,W
212,f1715_07,F,A
213,f0203_10,M,L
214,s0766_01,M,W
215,f1830_07,M,W
216,f0645_08,M,L
217,f0321_05,F,T
218,f0327_08,M,W
219,s0537_09,M,T
220,s0736_08,M,A
221,f0402_01,M,A
222,s1239_03,M,R
223,f0034_10,M,L
224,s0220_10,M,L
225,s0162_09,F,L
226,f0823_06,M,A
227,s1567_04,M,W
228,f0297_01,M,R
229,f1152_02,M,A
230,s0299_06,M,W
231,s0711_08,M,A
232,s0023_04,M,R
233,f0834_02,F,A
234,f0300_08,M,T
235,s1884_03,F,W
236,f1243_07,M,A
237,f1326_07,F,T
238,s0505_01,M,R
239,f1329_10,M,L
240,f0543_07,M,W
241,f0758_07,M,T
242,s1209_06,M,W
243,s1356_02,M,R
244,f1677_01,M,A
245,f1090_08,M,T
246,s0315_03,M,A
247,s1744_02,M,L
248,s0631_04,M,W
249,f1507_07,M,W
250,f0744_08,M,T
251,s0639_07,M,A
252,f1138_10,M,A
253,f1631_03,M,W
254,s1561_06,M,R
255,f1217_05,M,W
256,f1089_02,M,T
257,f1459_09,M,W
258,f0374_04,M,R
259,s0439_02,M,T
260,s0586_02,M,A
261,s0010_01,M,W
262,s0109_05,M,R
263,f1213_04,M,A
264,s0741_03,M,T
265,s1291_09,M,L
266,f0849_04,F,A
267,f1534_05,F,A
268,f1269_04,F,R
269,s0460_04,M,W
270,f1221_06,M,W
271,f0533_04,M,W
272,s1943_03,M,W
273,s0811_08,M,A
274,f0655_01,M,R
275,f1349_04,F,A
276,f0729_04,M,A
277,s1197_08,M,A
278,s1050_05,M,A
279,f1035_01,M,R
280,f0774_07,M,A
281,f0584_10,M,W
282,s1618_01,F,A
283,s1427_10,M,A
284,f1559_06,M,W
285,s1081_05,M,R
286,f0801_07,M,A
287,s1396_07,M,T
288,s1338_03,M,R
289,s0620_09,M,L
290,s1957_05,M,W
291,f1436_09,M,L
292,s0165_05,M,R
293,f0337_08,M,W
294,s1962_03,M,A
295,s0977_08,M,T
296,s0524_03,M,R
297,s1329_10,M,L
298,f0864_05,F,T
299,f0602_07,M,L
300,s0221_06,M,A
301,s1595_08,M,L
302,f1051_06,M,W
303,f0753_03,M,R
304,f0989_06,M,L
305,f1866_10,F,A
306,f1625_03,M,T
307,s0611_01,M,W
308,s1181_10,F,T
309,f1440_05,M,R
310,s1852_01,M,W
311,s1075_07,M,W
312,s0294_06,F,L
313,s1008_08,F,T
314,f0888_10,F,L
315,s1308_07,F,A
316,f1708_07,M,W
317,s0669_01,M,R
318,s0759_03,F,T
319,f1441_02,M,R
320,s0215_01,F,A
321,s1791_03,M,T
322,s1867_07,M,L
323,f0236_04,F,A
324,s0027_08,M,A
325,s1723_05,M,A
326,f1640_04,M,W
327,f0941_02,M,T
328,s0551_08,M,T
329,s1026_10,M,A
330,f0403_07,F,T
331,s0296_10,M,L
332,s0373_09,M,A
333,f0312_08,M,W
334,s0500_02,F,A
335,f0118_08,M,T
336,s0645_08,M,L
337,f1490_08,M,T
338,f0557_04,F,A
339,f0310_05,M,W
340,f0490_01,M,R
341,f0448_03,M,W
342,f0572_06,M,W
343,f0140_08,F,T
344,s0533_04,M,W
345,f0190_08,M,A
346,s1145_08,F,A
347,s0887_05,M,R
348,s0232_09,M,L
349,s1413_07,F,T
350,f0701_05,M,R
351,f1206_02,M,T
352,f0647_01,F,R
353,f1964_10,F,W
354,f0833_02,F,T
355,f0009_08,M,L
356,f0914_06,M,W
357,s1407_04,M,W
358,f1080_01,M,A
359,s1404_09,M,L
360,f1730_05,M,R
361,f0981_02,M,W
362,s1487_04,M,A
363,f1435_09,M,A
364,f0991_02,M,W
365,f1738_10,M,L
366,s1454_08,M,W
367,f0228_07,F,L
368,f0077_03,M,W
369,s0573_07,M,T
370,f0456_06,M,T
371,f0106_08,M,W
372,f0505_01,M,R
373,f1265_06,M,W
374,f1561_06,M,R
375,s0251_05,M,A
376,s1528_09,M,L
377,f0638_05,F,R
378,s1274_04,M,R
379,s0079_05,M,A
380,s0362_05,M,W
381,s1717_04,M,R
382,s0936_01,M,R
383,f1731_04,M,A
384,s0706_04,M,R
385,f1915_07,M,W
386,s1851_07,M,A
387,f0760_06,M,T
388,f1869_10,M,L
389,s0960_04,M,A
390,s1017_01,M,W
391,s0710_07,M,L
392,s0388_06,M,W
393,s0070_10,F,A
394,s1109_04,M,R
395,s0310_05,M,W
396,f1634_09,M,T
397,f1494_04,M,T
398,s1855_02,M,A
399,f1209_06,M,W
400,f1544_05,M,A
401,f1026_10,M,A
402,f1865_01,M,R
403,s1599_04,F,R
404,f0011_02,M,W
405,f1046_09,M,L
406,s0038_02,M,T
407,f1226_04,F,R
408,s1738_10,M,L
409,f1006_03,F,A
410,f0205_05,M,R
411,s1609_07,M,T
412,f0736_08,M,A
413,s1138_10,M,A
414,f1177_08,M,A
415,f0432_06,M,L
416,f1517_07,M,W
417,s0678_05,M,R
418,s1043_01,F,R
419,s0830_02,M,A
420,s0368_09,M,A
421,f0463_10,F,A
422,f0949_04,M,R
423,s1524_08,M,T
424,f1060_05,M,A
425,s1073_06,F,L
426,s1672_06,M,A
427,s1488_01,M,R
428,s1428_07,M,A
429,f0539_02,M,T
430,s0236_04,F,A
431,s0984_04,M,R
432,s1897_07,F,T
433,s0699_10,M,L
434,f0137_01,M,A
435,s1990_09,M,L
436,s0981_02,M,W
437,s0827_05,M,R
438,s0152_03,F,R
439,f1845_08,F,L
440,f1773_07,M,T
441,s1983_03,M,R
442,f0148_02,M,L
443,s1606_03,F,T
444,s1380_02,M,T
445,s1912_02,M,W
446,f0936_01,M,R
447,f0036_04,M,T
448,f0525_02,M,W
449,s0986_08,M,W
450,f0047_01,M,T
451,f1412_04,M,R
452,f0181_09,M,L
453,s0415_04,M,T
454,s1086_03,M,A
455,f0534_08,M,L
456,f0807_05,F,R
457,s0089_07,M,W
458,f0414_01,M,R
459,f1419_05,M,R
460,s0009_08,M,L
461,f1482_03,M,R
462,s1391_10,F,L
463,s0414_01,M,R
464,s1854_09,M,L
465,s0700_06,M,A
466,s1840_04,M,R
467,s1206_02,M,T
468,s1023_08,F,A
469,s0271_04,M,A
470,f0808_07,M,L
471,s1650_08,M,L
472,f1479_10,F,T
473,f0485_06,M,W
474,f1072_06,M,L
475,s0118_08,M,T
476,s0461_03,M,T
477,s1432_03,M,R
478,f1110_01,M,R
479,s0925_03,M,R
480,f1767_09,M,T
481,s1410_02,M,R
482,s1802_08,F,T
483,s0521_08,M,L
484,f1370_05,M,R
485,f1798_08,F,T
486,f1981_08,M,A
487,f1542_06,M,W
488,s1597_06,F,L
489,f1857_10,F,A
490,f1474_04,M,R
491,f1005_10,F,L
492,s1160_02,M,W
493,s0184_06,F,L
494,s1047_01,M,W
495,f0104_08,M,W
496,s1210_08,M,T
497,f1819_03,M,R
498,s0509_07,M,L
499,s0440_08,F,W
500,s1122_02,M,R
501,s1994_05,M,A
502,f1077_10,M,L
503,f1407_04,M,W
504,s1509_08,M,L
505,s1520_09,M,L
506,f0301_02,M,A
507,f1141_06,F,L
508,s0906_08,M,L
509,f0013_03,M,A
510,f0671_01,M,R
511,f0144_07,M,W
512,s1476_02,M,L
513,s1839_06,M,W
514,s1886_09,M,A
515,f1638_04,M,A
516,f0386_02,M,T
517,f1359_03,M,R
518,f1990_09,M,L
519,s0796_08,F,T
520,f1333_08,M,T
521,f0156_02,M,T
522,s0498_05,M,R
523,s1654_02,F,W
524,f1781_02,M,W
525,f1933_01,M,A
526,f0419_08,M,T
527,s0093_09,M,W
528,s0336_02,M,W
529,f0340_03,F,R
530,s0632_07,M,R
531,f0212_04,F,R
532,f1900_04,M,W
533,s1069_09,M,W
534,s1993_03,M,A
535,f1540_03,M,R
536,f0350_07,M,T
537,s1152_02,M,A
538,f1604_06,M,L
539,f1500_07,M,A
540,s1712_04,M,R
541,f0222_03,M,T
542,s1543_03,M,T
543,f1917_03,M,W
544,s0019_10,M,L
545,s1070_07,M,T
546,f0519_06,F,W
547,f1855_02,M,A
548,f0704_05,M,R
549,s1632_08,M,L
550,s0966_04,M,A
551,f0818_02,M,L
552,s0900_09,F,W
553,f0239_06,M,W
554,f0673_03,M,W
555,s1243_07,M,A
556,s1967_08,F,T
557,s1968_08,M,L
558,f0663_04,M,A
559,s1442_07,M,T
560,s0898_07,F,A
561,f0333_08,M,L
562,s0971_09,M,L
563,s0001_01,M,W
564,s1933_01,M,A
565,f0623_09,M,L
566,s1089_02,M,T
567,s1986_06,M,L
568,f0642_02,M,A
569,s0610_04,F,T
570,f0890_01,F,A
571,f1683_08,M,T
572,f1729_02,F,T
573,f1190_04,M,R
574,s0889_04,M,A
575,f1029_09,M,W
576,f0339_05,F,R
577,s1770_03,M,R
578,f1065_05,M,R
579,f1701_01,M,R
580,s1805_07,M,L
581,f0323_09,M,L
582,f0157_03,M,R
583,f0871_04,M,W
584,f0903_01,M,R
585,f0177_02,F,T
586,s0114_05,M,R
587,s1466_09,F,L
588,f1573_02,M,W
589,s0836_04,M,R
590,f1691_09,M,W
591,s0545_02,M,W
592,s0534_08,M,L
593,f0713_03,M,R
594,f1898_05,M,W
595,s1560_02,M,T
596,s0997_02,M,L
597,s0921_04,M,A
598,f1036_02,M,A
599,s1780_03,F,T
600,f0699_10,M,L
601,f1589_06,M,L
602,s0144_07,M,W
603,f1539_06,M,L
604,s0334_02,M,W
605,s0318_05,M,R
606,s1541_01,M,R
607,s0254_08,M,T
608,s1819_03,M,R
609,s0735_01,F,A
610,s0396_09,M,W
611,s1637_06,M,W
612,f1771_01,M,A
613,f1822_03,M,R
614,s0942_08,M,L
615,f0371_05,M,W
616,f1808_06,M,A
617,s1091_05,M,R
618,s1401_06,F,A
619,f1710_03,M,R
620,s0544_10,M,W
621,f1735_09,M,W
622,s0912_02,M,T
623,s1405_07,M,T
624,s0531_02,M,T
625,s0647_01,F,R
626,s0717_10,F,L
627,s1955_08,F,T
628,f1443_03,M,W
629,f0435_10,F,T
630,f1998_07,M,A
631,s1169_07,M,L
632,s1260_04,M,W
633,f0872_02,M,T
634,f1736_08,M,T
635,s0171_08,M,R
636,f1362_01,M,W
637,f0826_01,M,R
638,s1945_10,M,T
639,f1420_05,M,W
640,f1385_06,M,W
641,s0418_02,M,A
642,f1382_08,F,L
643,f1273_08,M,A
644,s1905_08,M,T
645,s0095_05,M,R
646,s1674_02,M,T
647,s0042_04,M,R
648,s1616_04,M,R
649,s1512_05,M,R
650,s1161_01,M,A
651,s1266_08,M,L
652,s1984_08,M,T
653,f1019_04,F,R
654,f1999_03,F,W
655,f1536_02,M,T
656,f1425_01,M,W
657,f0091_10,M,L
658,f0197_08,M,T
659,s1631_03,M,W
660,s1930_03,M,T
661,s0475_03,F,T
662,f1529_03,M,T
663,f0061_08,M,W
664,f1935_04,M,R
665,s0895_01,F,A
666,f0678_05,M,R
667,f0575_04,M,W
668,s0449_05,M,A
669,f1543_03,M,T
670,s1411_05,M,A
671,s0849_04,F,A
672,s0351_08,M,T
673,f1128_10,M,L
674,s1178_05,M,R
675,s0190_08,M,A
676,f0298_06,M,L
677,f0800_01,M,R
678,f1914_05,M,W
679,s0958_09,M,T
680,f0813_03,M,R
681,s0472_07,M,W
682,s0141_01,F,R
683,s0198_06,M,W
684,s0798_06,F,A
685,f0764_01,M,W
686,s1273_08,M,A
687,f1174_07,M,T
688,s1134_09,M,L
689,s0173_10,M,L
690,f1203_04,M,T
691,f1352_08,M,L
692,f1747_06,M,W
693,f0902_02,M,A
694,s1655_07,M,A
695,f0263_05,M,R
696,s1343_09,M,W
697,s0358_09,M,L
698,s0046_07,M,W
699,f1791_03,M,T
700,s0976_09,M,A
701,s0319_06,M,L
702,s0779_10,M,L
703,f0876_04,M,R
704,s1684_03,M,R
705,s1144_05,M,R
706,s0655_01,M,R
707,f0906_08,M,L
708,s1464_10,M,L
709,f0868_07,F,T
710,s1154_01,M,R
711,f1786_05,M,W
712,f0366_06,M,A
713,f1042_03,M,T
714,s0003_10,F,L
715,s0417_08,M,L
716,s1764_08,M,A
717,f1348_01,M,W
718,f0532_02,F,A
719,f0560_08,M,T
720,s1781_02,M,W
721,f1250_07,M,A
722,s0268_09,M,A
723,f1938_01,M,A
724,f0381_01,M,A
725,s1634_09,M,T
726,f1200_01,M,R
727,s1826_04,M,W
728,s0063_06,M,L
729,s0205_05,M,R
730,s0147_06,M,L
731,s1766_08,M,T
732,s0845_10,M,L
733,s0370_02,F,T
734,s0273_09,M,L
735,s1794_08,M,R
736,f1722_10,M,L
737,f1587_05,M,R
738,s0026_03,M,T
739,f0201_02,F,R
740,f1363_08,F,T
741,s0870_04,F,R
742,f1151_07,M,W
743,s0704_05,M,R
744,s1869_10,M,L
745,s1046_09,M,L
746,f1530_02,F,T
747,s1473_08,F,A
748,f1109_04,M,R
749,f1926_05,M,W
750,s0843_05,M,R
751,f0293_01,F,R
752,f0216_05,M,R
753,s0108_03,M,T
754,f1153_01,M,R
755,f1241_07,M,R
756,s1896_02,M,W
757,s0511_10,M,L
758,s0016_08,M,A
759,s1656_02,M,T
760,s1053_01,M,R
761,s1685_03,M,W
762,s0503_06,M,A
763,s0302_01,F,W
764,f1867_07,M,L
765,s1479_10,F,T
766,s1051_06,M,W
767,f0960_04,M,A
768,f1115_03,M,T
769,f1195_01,F,R
770,s1727_02,M,T
771,f0071_09,M,L
772,f0273_09,M,L
773,f0407_09,M,A
774,s1909_03,M,R
775,f1340_01,M,W
776,f1556_06,M,L
777,f1079_07,M,A
778,f1958_04,F,A
779,s0178_02,M,T
780,s1241_07,M,R
781,s1601_07,M,R
782,f0025_06,M,W
783,s0554_02,M,R
784,s1041_05,M,T
785,f1418_10,M,L
786,f0474_06,M,W
787,f1568_08,F,A
788,f1061_01,M,R
789,f1210_08,M,T
790,s0228_07,F,L
791,f1438_09,M,W
792,f1647_02,F,A
793,f1624_08,M,L
794,f1355_05,F,R
795,f0900_09,F,W
796,s1022_03,M,W
797,s1373_10,M,L
798,s1922_01,M,W
799,s0931_02,M,A
800,f1205_01,M,W
801,f0271_04,M,A
802,f0999_07,F,L
803,f1290_10,M,W
804,s0950_02,F,T
805,f0738_09,M,W
806,f1106_07,M,T
807,f1551_09,M,A
808,f1802_08,F,T
809,f1697_04,M,W
810,s1652_09,M,L
811,s1598_06,F,A
812,s1398_03,M,A
813,f0264_01,M,W
814,s0864_05,F,T
815,f0401_08,M,T
816,f1227_01,M,A
817,s1784_02,M,R
818,s0074_02,M,W
819,f1018_05,M,R
820,s1816_03,M,T
821,s0666_05,F,R
822,s1747_06,M,W
823,f0997_02,M,L
824,f1052_07,M,A
825,f0909_07,M,T
826,s0532_02,F,A
827,s0253_08,M,W
828,f0068_01,M,R
829,s0562_08,M,W
830,s1319_01,M,W
831,s0293_01,F,R
832,f1899_06,F,L
833,s1533_05,F,R
834,s1357_05,F,L
835,s0869_05,M,R
836,s1471_01,M,W
837,f0444_03,M,A
838,f1616_04,M,R
839,s1610_09,M,L
840,f1509_08,M,L
841,f1578_01,M,W
842,f0631_04,M,W
843,f0795_06,M,W
844,f0737_07,M,W
845,s0539_02,M,T
846,s0377_04,M,W
847,s1872_04,M,W
848,s0823_06,M,A
849,f0042_04,M,R
850,f0669_01,M,R
851,f1131_02,M,T
852,f0184_06,F,L
853,s0873_05,M,R
854,s1667_10,M,W
855,s1568_08,F,A
856,s0517_10,M,A
857,f0518_07,M,L
858,f0075_09,M,L
859,s0017_06,M,L
860,s0085_10,F,L
861,f0134_03,F,T
862,f0434_06,M,W
863,f0696_07,F,T
864,f0467_01,M,W
865,s0086_06,M,L
866,f0621_01,M,R
867,f1120_02,F,A
868,f0040_07,M,T
869,f1276_01,M,W
870,s1709_01,M,R
871,s0780_05,M,T
872,s0750_10,M,L
873,s0477_04,M,W
874,s1180_03,F,R
875,f0558_01,M,A
876,s0240_01,F,A
877,f0141_01,F,R
878,s1621_05,M,R
879,s0433_03,M,R
880,f1976_10,M,W
881,f0132_07,M,T
882,s1245_05,M,A
883,s0337_08,M,W
884,f0635_10,M,T
885,f0682_08,M,W
886,s0689_03,M,R
887,s1224_04,M,W
888,f1804_06,M,W
889,s1742_06,M,L
890,s1156_09,M,A
891,s1352_08,M,L
892,f1600_02,M,A
893,f1470_09,M,W
894,s0185_05,M,R
895,f1669_03,M,T
896,s1497_03,M,W
897,s1500_07,M,A
898,s1949_06,F,L
899,s0969_06,M,L
900,f1225_04,F,W
901,s1546_08,M,L
902,s1013_02,F,A
903,s0458_07,M,L
904,s0499_03,M,R
905,f1324_08,M,L
906,s1375_02,M,A
907,f0341_03,M,R
908,s1522_03,M,W
909,s0410_06,M,L
910,s1562_01,F,R
911,s0407_09,M,A
912,f1574_07,M,A
913,s0451_10,M,L
914,f0320_10,M,A
915,f1047_01,M,W
916,s0607_04,M,R
917,s0489_04,M,R
918,f1941_03,M,R
919,s1048_06,M,L
920,f0430_10,M,L
921,f0869_05,M,R
922,s0884_03,M,T
923,s0297_01,M,R
924,f0010_01,M,W
925,f1456_10,M,A
926,s0547_05,F,R
927,f0910_07,M,T
928,s0309_05,M,R
929,f0832_09,M,L
930,f0626_07,M,R
931,f0950_02,F,T
932,f0731_02,M,T
933,s1880_04,M,W
934,f0933_01,M,R
935,s1029_09,M,W
936,f0739_05,M,T
937,s1757_08,M,R
938,f0587_02,M,T
939,s0781_02,F,A
940,s0257_07,M,W
941,s0105_03,M,T
942,f0957_03,M,A
943,s0363_10,M,L
944,s1495_10,M,A
945,f1711_02,M,T
946,f0060_05,M,R
947,s1222_02,M,T
948,s1752_04,M,R
949,s0617_01,M,T
950,f0049_03,F,T
951,f1750_01,M,W
952,s0577_06,M,A
953,f0292_04,M,W
954,f0531_02,M,T
955,s0718_06,M,L
956,s1525_10,M,L
957,s0656_06,M,L
958,s0752_08,M,W
959,f0925_03,M,R
960,s0149_03,M,R
961,f0827_05,M,R
962,s1366_06,M,T
963,s0314_04,M,R
964,s0571_02,F,T
965,s0471_01,F,R
966,s0408_01,M,W
967,f1902_04,M,R
968,f1176_08,M,A
969,f0867_02,F,W
970,f1555_10,M,A
971,f0506_10,M,L
972,f0089_07,M,W
973,f0314_04,M,R
974,s1381_01,M,R
975,s1859_02,M,W
976,s1643_09,M,A
977,f1246_06,M,A
978,s1523_05,M,R
979,f1369_07,M,A
980,f1823_01,F,R
981,s1315_02,M,R
982,s0048_04,M,R
983,s1671_09,M,W
984,f0270_01,M,R
985,s0502_02,M,W
986,s0501_06,M,W
987,s1627_02,M,A
988,f0855_04,M,W
989,s1079_07,M,A
990,s0459_05,F,R
991,f1523_05,M,R
992,s1988_05,M,R
993,f1755_04,M,R
994,s1864_07,F,T
995,s0682_08,M,W
996,s1572_07,F,T
997,s1998_07,M,A
998,s1277_08,F,L
999,s1280_04,F,A
1000,f0820_06,M,A
1001,s1246_06,M,A
1002,f1698_10,M,L
1003,f0927_03,M,R
1004,s0395_08,M,T
1005,s0285_08,M,T
1006,s1225_04,F,W
1007,f0241_04,M,R
1008,s1570_09,M,L
1009,f1662_04,M,W
1010,s1894_07,F,A
1011,s1034_08,M,W
1012,s0764_01,M,W
1013,f0069_10,F,A
1014,f0974_04,M,R
1015,s1604_06,M,L
1016,s0060_05,M,R
1017,s0865_01,M,W
1018,s1093_05,M,R
1019,f0113_01,M,R
1020,s0679_03,F,A
1021,s1031_07,F,T
1022,f0020_06,M,A
1023,f0277_05,F,T
1024,s1198_07,M,R
1025,s0520_09,M,W
1026,s1088_03,F,T
1027,f1969_03,M,R
1028,s0955_10,M,A
1029,f0354_05,F,R
1030,s0695_05,M,A
1031,f1114_06,M,W
1032,s0400_02,M,T
1033,f1673_06,M,W
1034,s0115_03,M,T
1035,s1633_05,M,R
1036,s0435_10,F,T
1037,s0833_02,F,T
1038,s1773_07,M,T
1039,s1296_07,F,A
1040,s0926_04,M,R
1041,s0332_03,M,A
1042,s1664_03,M,R
1043,f0059_02,M,A
1044,s0223_01,M,R
1045,f0404_08,M,T
1046,f1603_08,F,T
1047,s1132_04,M,R
1048,s0757_10,F,L
1049,s1970_09,M,L
1050,s0744_08,M,T
1051,f1011_06,M,W
1052,f1107_05,M,R
1053,f1495_10,M,A
1054,f0242_10,M,W
1055,f0378_05,M,W
1056,s0006_09,M,A
1057,f0874_01,M,A
1058,f0202_08,M,L
1059,s1033_05,M,R
1060,f1519_03,M,W
1061,s1629_08,M,T
1062,f0326_07,M,A
1063,f1013_02,F,A
1064,s0732_02,F,R
1065,s0693_03,F,T
1066,s0431_05,F,R
1067,s0557_04,F,A
1068,s1037_06,M,T
1069,f0358_09,M,L
1070,s1353_07,F,W
1071,s1139_06,M,L
1072,f1247_06,F,L
1073,f0922_07,M,T
1074,s1030_06,M,A
1075,s1453_07,M,W
1076,f1526_03,M,L
1077,s0948_02,M,A
1078,f1287_02,M,W
1079,s0230_10,M,A
1080,f1056_05,F,R
1081,f1101_06,F,L
1082,s1362_01,M,W
1083,f1886_09,M,A
1084,s0636_02,M,T
1085,f1769_07,M,T
1086,s1171_08,M,L
1087,s0646_09,F,L
1088,f0153_08,M,W
1089,s1272_01,F,A
1090,s0378_05,M,W
1091,f0500_02,F,A
1092,f1307_03,F,R
1093,f0627_04,M,R
1094,f0244_09,M,L
1095,s0605_03,M,A
1096,f1075_07,M,W
1097,f1518_02,F,T
1098,f1959_07,F,L
1099,s0778_04,M,R
1100,s0441_10,M,A
1101,f0798_06,F,A
1102,f0308_09,F,L
1103,f1099_05,F,A
1104,f0048_04,M,R
1105,f0733_08,M,T
1106,f1579_01,M,R
1107,s0493_01,M,W
1108,s0096_03,M,W
1109,s0150_10,M,L
1110,s0782_10,M,L
1111,f1264_05,M,R
1112,f0542_07,M,A
1113,s0393_06,M,A
1114,f0951_07,M,T
1115,s1128_10,M,L
1116,f0665_07,M,W
1117,f1724_01,M,W
1118,f1811_02,M,T
1119,s0613_05,M,A
1120,s1875_08,M,W
1121,s1720_07,F,A
1122,s1015_01,M,R
1123,f0854_02,M,L
1124,f1835_02,M,T
1125,f1852_01,M,W
1126,s1842_09,F,A
1127,f0716_08,M,L
1128,s0692_02,M,T
1129,f0969_06,M,L
1130,f0015_01,M,A
1131,s0723_01,M,R
1132,f1293_06,M,L
1133,f0329_09,M,L
1134,f0120_08,F,A
1135,f0582_10,M,W
1136,f0555_07,M,A
1137,f0046_07,M,W
1138,f1626_05,M,R
1139,s0751_08,M,L
1140,s0624_03,F,T
1141,f0065_09,M,L
1142,f0186_04,M,T
1143,s1911_09,M,A
1144,s1582_05,M,R
1145,f0253_08,M,W
1146,f1774_03,F,R
1147,s1322_09,M,L
1148,s1334_08,M,L
1149,f1202_09,F,L
1150,s0657_06,M,W
1151,f1183_03,F,A
1152,f0215_01,F,A
1153,s1613_05,M,R
1154,s1899_06,F,L
1155,f1908_08,M,A
1156,s0462_05,M,R
1157,f0846_06,F,W
1158,f1289_09,M,W
1159,s1092_04,M,R
1160,s0688_09,M,T
1161,s0201_02,F,R
1162,f1718_09,M,L
1163,f0445_01,M,W
1164,f1406_03,F,T
1165,f1483_05,M,A
1166,f0791_03,M,A
1167,f1158_04,M,R
1168,s0783_04,M,W
1169,f1581_05,M,R
1170,f1643_09,M,A
1171,s0523_06,M,L
1172,s0267_07,F,A
1173,s0263_05,M,R
1174,s0662_06,M,W
1175,s0246_02,M,T
1176,f1171_08,M,L
1177,f0098_07,M,A
1178,s1913_06,M,L
1179,f0990_09,M,L
1180,f0664_03,M,R
1181,f0923_04,M,W
1182,f1828_09,F,A
1183,s0382_01,M,R
1184,s1295_07,M,L
1185,f1548_06,M,W
1186,s1173_08,F,T
1187,f0468_02,F,T
1188,f1891_08,M,W
1189,s0175_06,M,L
1190,f1476_02,M,L
1191,f1284_05,M,R
1192,f1960_06,M,A
1193,s0789_03,M,T
1194,f1082_08,F,T
1195,f1966_07,M,T
1196,f0328_09,M,L
1197,s0219_10,M,W
1198,f1929_09,M,W
1199,f1945_10,M,T
1200,s1527_02,M,W
1201,f0275_02,M,T
1202,s1083_02,M,T
1203,s1388_08,M,A
1204,f0155_02,M,T
1205,s1158_04,M,R
1206,s1786_05,M,W
1207,s0167_05,M,R
1208,f1251_03,M,A
1209,f0691_04,M,R
1210,s1581_05,M,R
1211,f1700_07,M,A
1212,s0939_03,M,A
1213,s0776_07,M,A
1214,s0071_09,M,L
1215,s1814_01,M,W
1216,s0235_01,M,R
1217,s1834_02,M,T
1218,f1033_05,M,R
1219,f1002_06,M,L
1220,s0049_03,F,T
1221,f0675_01,M,R
1222,s1711_02,M,T
1223,s1063_09,M,L
1224,s1860_04,M,A
1225,f0937_04,M,W
1226,s1772_04,F,W
1227,s0593_07,F,T
1228,f0472_07,M,W
1229,f0680_04,M,W
1230,s1730_05,M,R
1231,s0091_10,M,L
1232,f0220_10,M,L
1233,s0642_02,M,A
1234,s1755_04,M,R
1235,s0995_01,M,R
1236,f0845_10,M,L
1237,f1734_09,M,A
1238,f1834_02,M,T
1239,s0056_04,M,T
1240,f1994_05,M,A
1241,s1651_02,M,W
1242,s1068_05,F,A
1243,f0705_03,M,T
1244,f1684_03,M,R
1245,f1614_09,M,L
1246,s0602_07,M,L
1247,s1924_10,M,L
1248,f1672_06,M,A
1249,f0751_08,M,L
1250,s1979_03,F,A
1251,f0338_04,M,W
1252,f1397_06,M,A
1253,s1293_06,M,L
1254,f0659_10,M,T
1255,s0784_06,M,A
1256,s1681_10,M,W
1257,f1570_09,M,L
1258,f1296_07,F,A
1259,s1028_06,F,L
1260,f1991_06,F,A
1261,s1045_04,M,W
1262,f1132_04,M,R
1263,f0825_09,M,W
1264,s0231_03,M,R
1265,f1963_10,M,W
1266,f0574_09,F,T
1267,s0050_01,M,T
1268,f1155_05,M,R
1269,s1551_09,M,A
1270,s0968_10,M,L
1271,f0209_04,M,W
1272,f0513_07,M,T
1273,s1665_07,M,W
1274,f1666_10,M,L
1275,s1346_05,M,R
1276,f1187_06,M,L
1277,f0688_09,M,T
1278,s1115_03,M,T
1279,s0288_01,M,R
1280,s1888_05,M,A
1281,f1944_07,M,A
1282,f0674_04,M,T
1283,s1750_01,M,W
1284,s0690_07,F,L
1285,f1314_02,M,W
1286,s1361_10,F,L
1287,f0317_05,F,R
1288,f1809_08,M,A
1289,f1017_01,M,W
1290,f1012_10,M,L
1291,s1885_03,F,T
1292,f1942_06,M,L
1293,s0643_02,M,W
1294,f1297_09,F,L
1295,f1567_04,M,W
1296,s0073_07,M,T
1297,s1649_05,M,R
1298,s1271_08,F,L
1299,s1228_02,M,T
1300,f0211_09,F,L
1301,f0651_06,M,L
1302,f1844_06,M,W
1303,s1987_09,M,W
1304,s0933_01,M,R
1305,f0131_10,M,L
1306,s1901_05,M,R
1307,s0822_05,M,R
1308,f1838_07,F,A
1309,s1254_06,F,A
1310,f0173_10,M,L
1311,f0836_04,M,R
1312,s0427_06,M,A
1313,f1315_02,M,R
1314,f1424_10,M,L
1315,f0918_06,M,L
1316,s1682_05,F,T
1317,f1460_06,F,L
1318,f0391_01,F,A
1319,s1429_06,M,L
1320,s1021_06,M,A
1321,f0589_04,M,R
1322,s1868_02,M,T
1323,s1172_01,M,A
1324,f0189_09,M,A
1325,s1861_07,M,T
1326,f1159_10,M,A
1327,f0265_04,F,W
1328,s0953_09,M,W
1329,f1882_03,M,T
1330,s0569_09,M,A
1331,f0652_05,F,R
1332,s1283_03,F,A
1333,s1985_03,M,R
1334,f1394_07,M,W
1335,f1757_08,M,R
1336,f1182_02,M,T
1337,s1585_10,M,L
1338,f0397_06,M,A
1339,f0170_02,M,A
1340,s0597_10,F,L
1341,f1283_03,F,A
1342,s1148_04,F,A
1343,f1433_07,M,T
1344,s1217_05,M,W
1345,f0076_07,F,T
1346,f0512_03,M,W
1347,s1928_02,M,T
1348,s1625_03,M,T
1349,s1824_05,M,R
1350,s1505_10,M,L
1351,s1403_05,M,R
1352,f0168_02,F,A
1353,f0614_07,M,T
1354,f0920_05,M,W
1355,f1367_02,M,T
1356,f0411_05,M,W
1357,f1654_02,F,W
1358,s0899_05,M,R
1359,s1449_07,M,T
1360,f0721_03,M,T
1361,f0996_10,M,W
1362,s1591_03,M,A
1363,f1557_10,F,L
1364,s0746_10,M,T
1365,f1659_04,M,R
1366,f0850_07,M,T
1367,s1580_09,M,W
1368,f0160_08,M,T
1369,s1231_10,M,L
1370,s0032_03,M,A
1371,f1070_07,M,T
1372,s0522_09,M,L
1373,s0728_09,F,T
1374,s1775_10,M,W
1375,s1977_01,F,R
1376,f1816_03,M,T
1377,s0808_07,M,L
1378,f0698_08,M,T
1379,f0041_09,M,L
1380,s0278_03,M,W
1381,s0911_03,M,R
1382,f0745_03,M,A
1383,s1954_10,M,L
1384,s1458_04,F,A
1385,s1184_03,M,W
1386,f0785_04,M,W
1387,f0498_05,M,R
1388,f0086_06,M,L
1389,s0188_10,M,L
1390,s0604_01,M,A
1391,f1679_09,F,A
1392,f1299_07,F,T
1393,s1539_06,M,L
1394,f1527_02,M,W
1395,s1698_10,M,L
1396,s1175_08,M,L
1397,f0330_08,F,A
1398,f1851_07,M,A
1399,s1155_05,M,R
1400,f1770_03,M,R
1401,f1837_04,M,A
1402,s0455_04,M,R
1403,s0868_07,F,T
1404,f0370_02,F,T
1405,f1511_08,M,W
1406,f0851_05,M,R
1407,f1524_08,M,T
1408,f0172_08,F,T
1409,f0412_07,M,W
1410,f0279_06,F,A
1411,s0359_03,M,R
1412,s0081_07,F,A
1413,f0703_02,M,T
1414,f1635_02,M,T
1415,s0394_07,M,T
1416,f1429_06,M,L
1417,s1797_09,F,W
1418,f0802_01,M,R
1419,s1248_05,M,R
1420,f0853_01,M,R
1421,f1166_10,M,L
1422,f1125_01,F,R
1423,s0761_06,M,L
1424,f1258_09,M,L
1425,s1408_03,M,R
1426,f0142_06,M,L
1427,s1076_09,M,A
1428,s1119_02,M,T
1429,s1737_07,M,A
1430,s1205_01,M,W
1431,s1237_09,M,W
1432,s0047_01,M,T
1433,f0749_06,M,L
1434,f0812_10,M,L
1435,s0218_02,M,A
1436,f1344_09,M,W
1437,s0644_02,M,W
1438,f1197_08,M,A
1439,s1948_05,M,A
1440,f1262_01,M,W
1441,s0740_05,M,R
1442,f1746_09,M,L
1443,s0860_07,M,W
1444,f1020_06,M,A
1445,f1583_04,F,R
1446,f0365_07,M,L
1447,f1179_10,M,T
1448,s1174_07,M,T
1449,f0610_04,F,T
1450,f1169_07,M,L
1451,s1107_05,M,R
1452,f1408_03,M,R
1453,s0625_02,M,T
1454,s1602_07,M,L
1455,f0079_05,M,A
1456,s1550_08,M,L
1457,s0949_04,M,R
1458,f1584_03,M,T
1459,s0327_08,M,W
1460,f0349_09,M,A
1461,f0458_07,M,L
1462,s0428_09,M,W
1463,s1215_08,M,A
1464,s0324_04,M,W
1465,s1447_03,M,A
1466,s0226_10,M,L
1467,f0756_07,M,A
1468,f0893_05,M,R
1469,f1712_04,M,R
1470,f0565_02,M,W
1471,f0782_10,M,L
1472,s1149_09,F,T
1473,f0198_06,M,W
1474,f0313_08,M,W
1475,s1856_06,F,L
1476,f0344_06,M,T
1477,f1928_02,M,T
1478,s0189_09,M,A
1479,f0454_04,M,W
1480,s1221_06,M,W
1481,f1473_08,F,A
1482,f1371_08,M,T
1483,f1472_08,M,T
1484,f0666_05,F,R
1485,s1067_08,M,T
1486,f1368_06,M,L
1487,f1184_03,M,W
1488,s1729_02,F,T
1489,s1104_10,M,W
1490,s0077_03,M,W
1491,f0559_09,F,L
1492,f1165_01,M,W
1493,s0947_01,M,W
1494,s1167_07,M,A
1495,f1189_09,M,A
1496,s1821_06,M,A
1497,s1980_04,M,W
1498,f1139_06,M,L
1499,s1339_04,M,R
1500,s0485_06,M,W
1501,f0735_01,F,A
1502,s1307_03,F,R
1503,f0050_01,M,T
1504,s0381_01,M,A
1505,f1398_03,M,A
1506,f1164_08,M,L
1507,f0687_01,M,R
1508,f1648_01,M,W
1509,s0694_09,F,T
1510,s0553_01,M,A
1511,f0891_07,M,T
1512,f0898_07,F,A
1513,s1939_04,M,A
1514,s0957_03,M,A
1515,s1607_08,M,T
1516,f0724_04,F,R
1517,s1502_04,M,T
1518,s0542_07,M,A
1519,s1697_04,M,W
1520,s0618_09,M,L
1521,f0073_07,M,T
1522,f1464_10,M,L
1523,s1279_08,M,W
1524,f1501_06,M,L
1525,f0305_01,M,R
1526,s1676_09,M,L
1527,s1908_08,M,A
1528,f1469_04,M,W
1529,s1865_01,M,R
1530,f1585_10,M,L
1531,f0904_07,M,W
1532,s1966_07,M,T
1533,s0015_01,M,A
1534,s1710_03,M,R
1535,s1202_09,F,L
1536,f0709_07,M,L
1537,f1971_04,F,R
1538,f1281_08,F,A
1539,f1444_01,M,W
1540,f1454_08,M,W
1541,f1309_05,M,W
1542,s0630_05,M,R
1543,s0356_02,M,W
1544,f1004_10,M,A
1545,s1530_02,F,T
1546,f0336_02,M,W
1547,f1558_07,M,T
1548,f1733_02,F,T
1549,f1133_06,F,L
1550,f0351_08,M,T
1551,f0240_01,F,A
1552,s0983_03,M,R
1553,f0926_04,M,R
1554,s1925_03,M,A
1555,f1693_08,F,T
1556,f0007_09,M,L
1557,f0988_04,M,W
1558,f1563_01,M,R
1559,s0068_01,M,R
1560,f0858_03,M,R
1561,f1940_03,M,R
1562,s0747_04,M,A
1563,s0011_02,M,W
1564,s0831_10,M,A
1565,f0529_06,F,L
1566,f1608_01,M,R
1567,f0116_06,M,L
1568,s1001_05,M,T
1569,s0813_03,M,R
1570,s0174_03,M,R
1571,s0563_04,M,W
1572,s0566_09,M,L
1573,f1864_07,F,T
1574,s1240_03,F,T
1575,s0907_06,M,L
1576,s1545_03,M,W
1577,f0359_03,M,R
1578,f0045_06,M,L
1579,s0828_07,M,W
1580,s1147_09,M,L
1581,f1813_08,F,A
1582,s1659_04,M,R
1583,f1983_03,M,R
1584,f1705_01,M,A
1585,f1071_08,M,A
1586,s1626_05,M,R
1587,s0261_01,M,R
1588,f1860_04,M,A
1589,s1691_09,M,W
1590,f0325_06,F,A
1591,f2000_10,M,T
1592,f0959_07,M,T
1593,f1644_01,F,R
1594,s0859_04,M,W
1595,f0074_02,M,W
1596,s0550_02,M,T
1597,f0656_06,M,L
1598,f0022_05,M,R
1599,s1678_06,M,L
1600,s1379_07,M,L
1601,f0848_01,M,R
1602,f0702_08,M,T
1603,f1560_02,M,T
1604,s0072_09,M,L
1605,s0684_02,M,T
1606,s0526_10,M,L
1607,f0510_07,M,T
1608,s1170_01,M,R
1609,s1358_09,M,L
1610,s1830_07,M,W
1611,s1194_10,M,A
1612,f1503_03,M,W
1613,s0328_09,M,L
1614,f0110_08,M,R
1615,s1953_03,M,T
1616,s1367_02,M,T
1617,f0210_09,M,L
1618,s1807_10,F,W
1619,s1733_02,F,T
1620,s0239_06,M,W
1621,s1491_06,M,A
1622,s1809_08,M,A
1623,s0575_04,M,W
1624,s0082_06,M,L
1625,s1227_01,M,A
1626,s1331_04,M,R
1627,s0788_09,F,W
1628,s1907_04,M,R
1629,s1833_05,M,W
1630,s1140_06,F,A
1631,s0044_03,M,R
1632,f1820_01,F,A
1633,f0128_10,M,L
1634,f1554_10,M,L
1635,s0820_06,M,A
1636,f1754_08,M,A
1637,s1201_10,F,L
1638,f1642_05,M,R
1639,f1137_06,M,W
1640,f1622_07,M,L
1641,f1147_09,M,L
1642,f1094_08,M,A
1643,f1553_08,F,T
1644,f1629_08,M,T
1645,s0486_10,M,T
1646,s0138_06,M,L
1647,f1010_02,M,T
1648,f0475_03,F,T
1649,f0998_06,M,A
1650,s0225_10,F,T
1651,s1057_06,M,W
1652,f1800_04,M,R
1653,s1443_03,M,W
1654,s0387_04,M,R
1655,f0109_05,M,R
1656,s0510_07,M,T
1657,f1311_06,M,L
1658,s0157_03,M,R
1659,s1359_03,M,R
1660,s0329_09,M,L
1661,f0707_04,M,W
1662,s0648_07,F,T
1663,s0181_09,M,L
1664,f0847_01,F,W
1665,f0126_10,M,T
1666,s1400_01,M,R
1667,s1321_06,M,W
1668,s0303_03,F,T
1669,f0712_02,M,A
1670,s0891_07,M,T
1671,s0242_10,M,W
1672,s1062_09,M,A
1673,s0200_06,M,W
1674,s1700_07,M,A
1675,f0213_07,M,W
1676,f0274_05,M,R
1677,f0166_10,M,W
1678,f0470_01,M,W
1679,f1405_07,M,T
1680,f1515_02,M,T
1681,f0899_05,M,R
1682,s0434_06,M,W
1683,s0383_04,M,A
1684,f1992_01,M,R
1685,s1270_02,F,W
1686,f0517_10,M,A
1687,s1883_03,M,W
1688,s0121_07,F,A
1689,f0660_02,M,T
1690,f0058_10,M,A
1691,f0207_05,M,R
1692,s0729_04,M,A
1693,f1427_10,M,A
1694,f1496_10,M,A
1695,s0590_08,M,L
1696,s1133_06,F,L
1697,f1796_09,F,A
1698,f0231_03,M,R
1699,s0379_06,M,L
1700,f1266_08,M,L
1701,s1475_09,F,R
1702,s1187_06,M,L
1703,s1192_05,M,W
1704,f0596_04,M,R
1705,s0403_07,F,T
1706,f1301_05,M,R
1707,s1718_09,M,L
1708,s1745_09,M,T
1709,f1057_06,M,W
1710,s1233_04,F,R
1711,f0488_10,M,L
1712,s0638_05,F,R
1713,f0743_07,M,T
1714,f1650_08,M,L
1715,s1915_07,M,W
1716,f0183_02,M,W
1717,f1485_05,M,R
1718,f0600_04,F,W
1719,f1112_04,M,W
1720,s0166_10,M,W
1721,f0115_03,M,T
1722,f1528_09,M,L
1723,f0568_07,M,T
1724,s0036_04,M,T
1725,s0956_09,M,L
1726,f0014_06,M,W
1727,s1374_04,M,W
1728,f0597_10,F,L
1729,s0158_04,M,W
1730,s0603_02,M,R
1731,f1466_09,F,L
1732,s0924_09,M,L
1733,f1233_04,F,R
1734,s1074_04,M,T
1735,f1123_08,M,T
1736,f0119_08,F,W
1737,f1260_04,M,W
1738,f0773_10,M,L
1739,f0504_05,M,R
1740,f0870_04,F,R
1741,f0750_10,M,L
1742,s1276_01,M,W
1743,f1943_03,M,W
1744,f0581_04,M,T
1745,f1252_07,M,W
1746,f0866_07,M,L
1747,s0872_02,M,T
1748,f1863_04,M,W
1749,f0223_01,M,R
1750,f1687_10,M,L
1751,s0712_02,M,A
1752,s1611_07,M,T
1753,f1970_09,M,L
1754,s1989_01,M,A
1755,f0654_07,M,T
1756,s0140_08,F,T
1757,s0289_01,M,R
1758,s0852_02,F,R
1759,s0210_09,M,L
1760,f1041_05,M,T
1761,s0224_09,M,L
1762,s0664_03,M,R
1763,s0312_08,M,W
1764,s0488_10,M,L
1765,f1422_06,M,W
1766,s1501_06,M,L
1767,f0097_06,M,A
1768,f1695_06,M,W
1769,s1483_05,M,A
1770,s0397_06,M,A
1771,f0182_10,M,L
1772,s0748_10,M,W
1773,s1845_08,F,L
1774,s0909_07,M,T
1775,f1157_01,M,R
1776,s1289_09,M,W
1777,s0917_03,M,R
1778,s0187_08,M,T
1779,f0233_08,M,T
1780,s0628_04,F,W
1781,f0873_05,M,R
1782,s1870_02,M,T
1783,f0954_04,F,W
1784,f1743_08,M,A
1785,f0639_07,M,A
1786,s1451_06,F,L
1787,s1553_08,F,T
1788,s1332_10,F,L
1789,s0111_02,M,A
1790,s0272_09,M,L
1791,s0512_03,M,W
1792,f0195_07,M,T
1793,s0404_08,M,T
1794,f0766_01,M,W
1795,s0932_01,F,A
1796,s0841_09,F,L
1797,f0740_05,M,R
1798,s0944_07,M,W
1799,f1100_09,M,L
1800,s1904_07,M,W
1801,f1336_10,M,L
1802,s0855_04,M,W
1803,f1434_03,M,W
1804,s0369_04,M,W
1805,f1688_03,M,A
1806,s1848_01,M,W
1807,s1554_10,M,L
1808,s0419_08,M,T
1809,s1801_03,F,T
1810,s0952_06,M,L
1811,s0629_05,M,R
1812,s1620_07,M,L
1813,s0333_08,M,L
1814,f1034_08,M,W
1815,s0311_03,M,R
1816,s1219_03,M,W
1817,s0538_07,M,A
1818,s0844_03,F,T
1819,s1216_10,M,L
1820,s0691_04,M,R
1821,f0306_03,M,R
1822,s0204_10,M,L
1823,f1040_01,M,W
1824,s0474_06,M,W
1825,s0634_09,M,L
1826,f0405_02,M,R
1827,f1692_08,M,L
1828,s1084_10,M,L
1829,s0928_09,M,L
1830,s1552_04,M,R
1831,s1179_10,M,T
1832,s1743_08,M,A
1833,f1317_07,M,T
1834,f1801_03,F,T
1835,f0024_06,M,W
1836,f0247_08,M,W
1837,s1532_07,M,L
1838,s0213_07,M,W
1839,f1897_07,F,T
1840,s0012_01,F,A
1841,f0206_08,M,T
1842,f1192_05,M,W
1843,f1676_09,M,L
1844,f0977_08,M,T
1845,f0963_03,M,A
1846,f0259_10,M,A
1847,s1818_02,M,A
1848,f1007_08,M,L
1849,f0527_09,M,A
1850,f0661_07,M,A
1851,f1038_02,M,A
1852,f1785_10,M,T
1853,s0993_08,F,T
1854,s1817_07,M,T
1855,f1122_02,M,R
1856,s0770_10,M,A
1857,s1275_02,M,T
1858,f1883_03,M,W
1859,f1059_01,M,W
1860,f1351_05,M,R
1861,f0550_02,M,T
1862,f1379_07,M,L
1863,s1688_03,M,A
1864,s1333_08,M,T
1865,s1056_05,F,R
1866,f1228_02,M,T
1867,f1475_09,F,R
1868,s0698_08,M,T
1869,s0965_10,F,L
1870,f0684_02,M,T
1871,s0734_10,M,L
1872,f1076_09,M,A
1873,s1163_03,M,T
1874,s1049_08,M,A
1875,s0321_05,F,T
1876,f0889_04,M,A
1877,f0100_10,M,W
1878,f0364_03,F,A
1879,s1722_10,M,L
1880,f0549_10,M,A
1881,s0422_07,M,L
1882,s0854_02,M,L
1883,f0422_07,M,L
1884,s1392_10,M,L
1885,f1389_08,F,L
1886,s0041_09,M,L
1887,s1360_02,M,T
1888,f0672_10,M,A
1889,s0730_05,M,A
1890,s0233_08,M,T
1891,s1039_07,M,W
1892,s0829_07,M,T
1893,s0008_10,F,T
1894,f1437_07,M,T
1895,s1661_02,F,A
1896,f0167_05,M,R
1897,f1039_07,M,W
1898,s1521_02,M,T
1899,s0279_06,F,A
1900,s1782_09,M,L
1901,f1675_02,F,A
1902,f1053_01,M,R
1903,f0246_02,M,T
1904,s1462_09,F,W
1905,s1481_02,M,W
1906,f1140_06,F,A
1907,f1858_07,M,A
1908,f0907_06,M,L
1909,f1674_02,M,T
1910,f0789_03,M,T
1911,s0468_02,F,T
1912,f0995_01,M,R
1913,s1843_10,F,T
1914,f1797_09,F,W
1915,s1262_01,M,W
1916,f1909_03,M,R
1917,f1399_06,M,T
1918,f1312_10,M,L
1919,s1947_07,M,T
1920,f1612_08,M,T
1921,s1011_06,M,W
1922,s0259_10,M,A
1923,f1954_10,M,L
1924,s0494_08,M,A
1925,s0922_07,M,T
1926,f0139_10,M,L
1927,f0629_05,M,R
1928,f1216_10,M,L
1929,f0952_06,M,L
1930,s0014_06,M,W
1931,s0438_05,M,R
1932,f1375_02,M,A
1933,f1295_07,M,L
1934,s1767_09,M,T
1935,f0728_09,F,T
1936,s1882_03,M,T
1937,s1003_04,M,T
1938,s1942_06,M,L
1939,f0029_08,M,L
1940,f0905_03,M,T
1941,f0039_03,M,T
1942,s0716_08,M,L
1943,s0092_07,F,A
1944,s0490_01,M,R
1945,f1345_06,M,L
1946,f0622_06,M,W
1947,s0582_10,M,W
1948,f1752_04,M,R
1949,s0961_03,M,R
1950,f1982_09,M,L
1951,f0852_02,F,R
1952,f0400_02,M,T
1953,f0824_01,M,A
1954,s0343_09,F,L
1955,f1043_01,F,R
1956,s1354_07,M,T
1957,f1387_02,M,A
1958,f0537_09,M,T
1959,f0416_06,F,R
1960,s1143_03,M,T
1961,s0283_02,M,T
1962,s1893_08,M,A
1963,f1097_09,M,W
1964,f0398_03,F,R
1965,s0587_02,M,T
1966,f1091_05,M,R
1967,f0970_06,M,L
1968,f0268_09,M,A
1969,s1263_09,M,W
1970,s1630_05,M,R
1971,f1445_10,M,A
1972,f1452_01,M,A
1973,f1839_06,M,W
1974,f0249_04,M,A
1975,f1569_06,M,L
1976,f1330_03,M,R
1977,s0850_07,M,T
1978,f0835_10,F,L
1979,f1067_08,M,T
1980,s1409_06,M,L
1981,s0352_09,M,L
1982,s1702_03,M,T
1983,f0496_03,M,T
1984,f1259_08,M,T
1985,f1894_07,F,A
1986,s0914_06,M,W
1987,f0944_07,M,W
1988,f0164_05,F,R
1989,s1004_10,M,A
1990,s0492_02,M,A
1991,s0724_04,F,R
1992,s1492_09,M,L
1993,f0862_08,M,T
1994,f0418_02,M,A
1995,s0709_07,M,L
1996,s0155_02,M,T
1997,f1887_06,M,L
1998,s1153_01,M,R
1999,f0027_08,M,A
2000,s1513_06,F,T
2001,f1277_08,F,L
2002,f1903_01,M,A
2003,f1565_09,M,L
2004,s0559_09,F,L
2005,f0258_04,M,W
2006,f0637_08,M,A
2007,f0111_02,M,A
2008,s1690_01,M,A
2009,s0101_07,M,W
2010,s1557_10,F,L
2011,f1477_07,M,A
2012,s1792_06,M,L
2013,f1821_06,M,A
2014,s0564_05,M,R
2015,f1332_10,F,L
2016,f1749_07,M,T
2017,s1605_03,F,A
2018,f1016_01,M,R
2019,f1840_04,M,R
2020,s1309_05,M,W
2021,f0117_09,M,L
2022,s0340_03,F,R
2023,f0924_09,M,L
2024,f0754_04,F,R
2025,f0235_01,M,R
2026,s1972_03,M,T
2027,f0562_08,M,W
2028,f0777_08,M,W
2029,s0122_03,M,T
2030,f1048_06,M,L
2031,s0765_07,M,T
2032,f0357_07,F,A
2033,s0227_02,F,A
2034,f1663_08,M,T
2035,s0255_05,M,W
2036,f1861_07,M,T
2037,s1858_07,M,A
2038,s0672_10,M,A
2039,f1021_06,M,A
2040,s0066_08,M,W
2041,f0644_02,M,W
2042,f0940_02,M,W
2043,s1590_09,M,L
2044,f0616_08,M,T
2045,s1569_06,M,L
2046,s1783_04,F,R
2047,f0266_04,M,R
2048,f0081_07,F,A
2049,f0681_08,M,A
2050,s0021_07,M,T
2051,s1232_09,M,L
2052,f0879_02,F,R
2053,f1298_05,M,A
2054,f1538_04,M,R
2055,s0982_02,M,A
2056,f1030_06,M,A
2057,f1150_10,M,L
2058,f1074_04,M,T
2059,s0479_07,M,A
2060,s0515_07,M,T
2061,f1893_08,M,A
2062,s0409_05,M,R
2063,f1671_09,M,W
2064,s1247_06,F,L
2065,f1537_07,M,W
2066,f0877_02,M,L
2067,s0769_04,M,R
2068,f1564_05,M,R
2069,f1593_04,F,R
2070,s0979_01,F,A
2071,s1203_04,M,T
2072,f0099_02,M,A
2073,s0913_07,M,T
2074,s0814_01,M,W
2075,s0803_09,M,L
2076,s1638_04,M,A
2077,s0962_06,M,L
2078,s0127_04,F,T
2079,f0425_07,M,L
2080,s1866_10,F,A
2081,f1665_07,M,W
2082,f1449_07,M,T
2083,s1351_05,M,R
2084,f1335_08,M,T
2085,s0247_08,M,W
2086,f1632_08,M,L
2087,s1910_01,M,R
2088,f1282_01,M,W
2089,s1131_02,M,T
2090,s0882_02,F,W
2091,f1194_10,M,A
2092,s1759_09,M,T
2093,f0630_05,M,R
2094,f0424_03,M,T
2095,f1760_04,M,R
2096,f1613_05,M,R
2097,f0459_05,F,R
2098,f0604_01,M,A
2099,f1627_02,M,A
2100,s0183_02,M,W
2101,s0856_02,F,T
2102,s1014_06,M,L
2103,f1196_04,M,W
2104,f1955_08,F,T
2105,s0579_02,F,A
2106,s0446_01,M,R
2107,f0319_06,M,L
2108,f0427_06,M,A
2109,s0715_07,M,A
2110,s0420_09,M,L
2111,f1338_03,M,R
2112,f0576_08,M,L
2113,f0837_02,M,L
2114,f1353_07,F,W
2115,f1541_01,M,R
2116,f0546_03,M,R
2117,f0229_08,M,T
2118,s1715_07,F,A
2119,s1313_03,M,R
2120,s0714_07,M,W
2121,f0878_01,M,W
2122,s0581_04,M,T
2123,s1325_03,M,R
2124,s0929_10,M,L
2125,f0031_02,M,A
2126,f0578_02,M,A
2127,s1393_01,M,W
2128,f1789_07,M,L
2129,f1582_05,M,R
2130,s1426_02,M,R
2131,f1919_04,M,W
2132,f1633_05,M,R
2133,s1000_07,F,T
2134,f0747_04,M,A
2135,f1386_01,M,R
2136,f1871_08,M,A
2137,f1853_06,M,W
2138,f0208_03,F,T
2139,s1728_01,M,R
2140,f0054_03,F,T
2141,f0886_09,M,L
2142,f1984_08,M,T
2143,f0108_03,M,T
2144,s0846_06,F,W
2145,f0495_05,M,R
2146,s1402_04,M,R
2147,f1610_09,M,L
2148,s0987_09,M,L
2149,s0216_05,M,R
2150,f1850_04,M,R
2151,s0927_03,M,R
2152,s0270_01,M,R
2153,f0234_10,M,L
2154,f0649_10,M,L
2155,f1050_05,M,A
2156,f0493_01,M,W
2157,f0593_07,F,T
2158,s0786_09,M,T
2159,f0062_06,M,L
2160,s0106_08,M,W
2161,s1437_07,M,T
2162,s1519_03,M,W
2163,s1126_07,M,A
2164,f1263_09,M,W
2165,s0402_01,M,A
2166,f0685_07,M,L
2167,s0353_03,F,T
2168,s0142_06,M,L
2169,f0288_01,M,R
2170,f0732_02,F,R
2171,f1707_02,M,T
2172,s1463_02,M,T
2173,s0445_01,M,W
2174,f0225_10,F,T
2175,f0708_03,M,T
2176,s0637_08,M,A
2177,s0998_06,M,A
2178,f1291_09,M,L
2179,f1922_01,M,W
2180,s1009_10,M,W
2181,f1000_07,F,T
2182,f0138_06,M,L
2183,f0767_03,M,A
2184,f1023_08,F,A
2185,f0245_07,M,W
2186,f1201_10,F,L
2187,f1130_09,M,L
2188,f0956_09,M,L
2189,s1044_09,M,A
2190,s1548_06,M,W
2191,f1403_05,M,R
2192,s0305_01,M,R
2193,f1510_06,F,A
2194,f0392_07,M,W
2195,s0491_05,M,A
2196,f1814_01,M,W
2197,s0675_01,M,R
2198,f1453_07,M,W
2199,s1478_07,M,A
2200,s1494_04,M,T
2201,s0103_10,F,L
2202,s1035_01,M,R
2203,f0895_01,F,A
2204,f0469_07,F,T
2205,f1725_02,M,T
2206,f1267_05,M,R
2207,f0979_01,F,A
2208,f1586_05,F,A
2209,f1078_04,M,W
2210,f0085_10,F,L
2211,f1997_04,M,A
2212,s1871_08,M,A
2213,f1875_08,M,W
2214,s1350_03,M,R
2215,s1564_05,M,R
2216,f0595_08,M,T
2217,s0126_10,M,T
2218,s0583_02,M,R
2219,s0421_01,M,W
2220,s1666_10,M,L
2221,s0762_06,F,A
2222,s1211_10,F,L
2223,f1175_08,M,L
2224,s0045_06,M,L
2225,f0599_07,M,A
2226,f0577_06,M,A
2227,s0469_07,F,T
2228,s1765_06,M,L
2229,f1193_05,M,R
2230,f1022_03,M,W
2231,s1199_08,M,T
2232,f1545_03,M,W
2233,s1323_03,M,T
2234,s1927_03,M,A
2235,f0356_02,M,W
2236,f0930_10,M,L
2237,f0096_03,M,W
2238,s0426_04,F,R
2239,s1642_05,M,R
2240,f0130_02,M,W
2241,f0771_03,M,T
2242,s0720_02,M,L
2243,s0034_10,M,L
2244,f0817_04,M,R
2245,f0881_01,M,W
2246,f0892_06,M,L
2247,f1302_02,M,W
2248,f0001_01,M,W
2249,s1785_10,M,T
2250,s1142_03,M,T
2251,f1939_04,M,A
2252,f1601_07,M,R
2253,f0221_06,M,A
2254,f0219_10,M,W
2255,s1576_06,M,T
2256,s0623_09,M,L
2257,f1111_08,F,W
2258,f0067_03,M,R
2259,f0901_09,M,L
2260,f0619_03,M,W
2261,s0099_02,M,A
2262,f0035_07,M,L
2263,s1342_03,M,R
2264,s1636_03,M,A
2265,f0368_09,M,A
2266,f0348_08,M,R
2267,s1827_06,M,L
2268,s1072_06,M,L
2269,f0287_07,M,T
2270,s0951_07,M,T
2271,s1200_01,M,R
2272,s1420_05,M,W
2273,s0497_05,M,R
2274,s0241_04,M,R
2275,f1859_02,M,W
2276,f0389_07,M,T
2277,s1960_06,M,A
2278,s0506_10,M,L
2279,s0530_09,F,L
2280,f0748_10,M,W
2281,s1566_05,M,A
2282,f0515_07,M,T
2283,s1389_08,F,L
2284,s0322_06,F,A
2285,s1829_10,M,L
2286,f0700_06,M,A
2287,s1116_01,M,W
2288,f0382_01,M,R
2289,f0984_04,M,R
2290,s0481_07,F,A
2291,s1617_03,M,R
2292,f0520_09,M,W
2293,s1378_08,M,L
2294,s1763_10,F,A
2295,f0165_05,M,R
2296,f1279_08,M,W
2297,f1877_01,M,A
2298,f0742_07,F,T
2299,f0571_02,F,T
2300,f1986_06,M,L
2301,f0624_03,F,T
2302,f1084_10,M,L
2303,s0151_06,F,A
2304,s0621_01,M,R
2305,s0574_09,F,T
2306,f1092_04,M,R
2307,s0954_04,F,W
2308,f1881_03,M,R
2309,s1857_10,F,A
2310,s1938_01,M,A
2311,f1304_06,M,W
2312,s0518_07,M,L
2313,s0323_09,M,L
2314,s1249_08,M,T
2315,s1677_01,M,A
2316,s0154_08,M,L
2317,s0790_01,F,R
2318,f1911_09,M,A
2319,s0556_08,M,L
2320,f1124_05,M,R
2321,f0690_07,F,L
2322,s0806_04,M,R
2323,f1451_06,F,L
2324,f0102_02,M,W
2325,s0191_06,M,L
2326,f1350_03,M,R
2327,s1064_06,M,W
2328,f0793_09,M,L
2329,f0101_07,M,W
2330,s0090_10,M,W
2331,f1292_07,F,R
2332,f1364_05,M,R
2333,s0482_08,M,L
2334,s0686_10,M,L
2335,s1982_09,M,L
2336,f1520_09,M,L
2337,f0103_10,F,L
2338,f1430_05,M,R
2339,f1481_02,M,W
2340,s0249_04,M,A
2341,s0878_01,M,W
2342,s1906_01,M,W
2343,s0131_10,M,L
2344,s0412_07,M,W
2345,s0705_03,M,T
2346,s1777_08,M,L
2347,f0503_06,M,A
2348,s1714_03,M,A
2349,f1168_01,M,R
2350,s0671_01,M,R
2351,f0151_06,F,A
2352,s1032_09,M,A
2353,s1739_01,M,W
2354,s1862_09,M,L
2355,f1947_07,M,T
2356,s0996_10,M,W
2357,s0308_09,F,L
2358,s1878_05,F,T
2359,s0374_04,M,R
2360,f0369_04,M,W
2361,s1736_08,M,T
2362,f0479_07,M,A
2363,f0124_08,M,L
2364,f0585_04,M,W
2365,s0243_08,M,T
2366,f0706_04,M,R
2367,f1288_04,M,W
2368,s0031_02,M,A
2369,s0116_06,M,L
2370,s1480_02,M,T
2371,s0280_02,M,T
2372,s0275_02,M,T
2373,f1552_04,M,R
2374,s0163_03,M,T
2375,s0033_02,M,R
2376,f1907_04,M,R
2377,f0114_05,M,R
2378,f0477_04,M,W
2379,s1397_06,M,A
2380,f1606_03,F,T
2381,f0453_08,M,L
2382,f0980_06,M,L
2383,s1328_01,F,R
2384,s0659_10,M,T
2385,s0721_03,M,T
2386,f1874_09,M,A
2387,s0172_08,F,T
2388,s0529_06,F,L
2389,s0250_10,M,L
2390,s0667_02,M,R
2391,s0970_06,M,L
2392,f1761_09,M,L
2393,f1842_09,F,A
2394,s1385_06,M,W
2395,s1687_10,M,L
2396,s0029_08,M,L
2397,s1230_04,M,R
2398,s0787_05,M,R
2399,f1937_06,M,L
2400,s0484_05,M,A
2401,s1212_03,M,R
2402,f1129_06,M,A
2403,f0883_01,F,W
2404,f1762_03,M,R
2405,s0745_03,M,A
2406,s1059_01,M,W
2407,f1173_08,F,T
2408,s1812_09,M,L
2409,f1739_01,M,W
2410,f1932_09,F,L
2411,f0965_10,F,L
2412,f0727_07,F,T
2413,s0372_07,M,R
2414,s1754_08,M,A
2415,f0465_08,M,L
2416,f1896_02,M,W
2417,f0017_06,M,L
2418,s0159_02,M,R
2419,s1229_10,F,L
2420,s0266_04,M,R
2421,f0829_07,M,T
2422,f1134_09,M,L
2423,s0555_07,M,A
2424,s1874_09,M,A
2425,s0649_10,M,L
2426,f1546_08,M,L
2427,f0722_04,F,R
2428,f1388_08,M,A
2429,s0804_03,M,T
2430,s0708_03,M,T
2431,f0776_07,M,A
2432,s1719_02,M,T
2433,s0080_09,M,L
2434,f0603_02,M,R
2435,s0286_02,M,R
2436,s0508_05,M,R
2437,s1347_09,F,L
2438,f1502_04,M,T
2439,f1116_01,M,W
2440,s0390_09,M,W
2441,s1489_04,M,R
2442,f1178_05,M,R
2443,s0207_05,M,R
2444,s1895_02,M,L
2445,f0552_07,M,A
2446,f1081_05,M,R
2447,f0885_06,M,W
2448,s1340_01,M,W
2449,s1157_01,M,R
2450,f0278_03,M,W
2451,s1282_01,M,W
2452,f1365_07,M,A
2453,f1240_03,F,T
2454,s0325_06,F,A
2455,f1414_08,M,A
2456,f1285_08,M,L
2457,s0234_10,M,L
2458,s1863_04,M,W
2459,s1387_02,M,A
2460,s0125_01,M,W
2461,f1745_09,M,T
2462,s1619_04,M,R
2463,s0660_02,M,T
2464,s0179_09,M,L
2465,s0674_04,M,T
2466,s1508_10,M,T
2467,f0043_08,M,A
2468,f0947_01,M,W
2469,s0904_07,M,W
2470,s1973_04,M,W
2471,f0741_03,M,T
2472,s1098_02,M,T
2473,f1549_08,M,A
2474,s1689_08,F,T
2475,s1486_03,M,T
2476,s1472_08,M,T
2477,s1012_10,M,L
2478,s0391_01,F,A
2479,s0161_04,M,A
2480,f0420_09,M,L
2481,s1798_08,F,T
2482,f0608_01,M,R
2483,s1934_07,M,T
2484,f0169_05,M,R
2485,f0345_05,M,R
2486,f0291_03,M,W
2487,s0411_05,M,W
2488,f0318_05,M,R
2489,s0525_02,M,W
2490,s1876_05,M,W
2491,s0424_03,M,T
2492,s0754_04,F,R
2493,s1226_04,F,R
2494,s0861_03,M,W
2495,f1682_05,F,T
2496,s0130_02,M,W
2497,f1792_06,M,L
2498,f0409_05,M,R
2499,s1696_04,M,R
2500,s1136_05,F,A
2501,s1484_02,F,T
2502,s0821_01,M,A
2503,s0229_08,M,T
2504,s0264_01,M,W
2505,s0749_06,M,L
2506,s0771_03,M,T
2507,f0865_01,M,W
2508,f0030_10,M,A
2509,f1305_06,M,L
2510,s1768_06,M,L
2511,s0052_08,M,L
2512,f0002_05,M,R
2513,f0566_09,M,L
2514,s1732_04,M,T
2515,s1963_10,M,W
2516,f1744_02,M,L
2517,f1208_07,M,W
2518,s1456_10,M,A
2519,f1591_03,M,A
2520,f1508_10,M,T
2521,s1259_08,M,T
2522,f0406_04,M,T
2523,s0853_01,M,R
2524,s0385_07,M,W
2525,s0934_10,M,L
2526,s0812_10,M,L
2527,f1163_03,M,T
2528,f0171_08,M,R
2529,f0217_02,M,T
2530,f1121_07,M,A
2531,f1428_07,M,A
2532,f1841_05,M,A
2533,f1484_02,F,T
2534,s1251_03,M,A
2535,s1238_09,M,L
2536,s1594_07,M,W
2537,s1526_03,M,L
2538,f0028_08,F,T
2539,s1608_01,M,R
2540,f0811_08,M,A
2541,s1787_04,M,R
2542,f1506_02,M,T
2543,f1776_09,M,W
2544,f1951_04,M,W
2545,f1488_01,M,R
2546,s0594_09,M,W
2547,f1957_05,M,W
2548,f1008_08,F,T
2549,f1847_10,M,L
2550,s1416_06,M,A
2551,f1325_03,M,R
2552,s1290_10,M,W
2553,f0383_04,M,A
2554,s1183_03,F,A
2555,f0360_09,M,L
2556,f0056_04,M,T
2557,f1621_05,M,R
2558,s0584_10,M,W
2559,s1725_02,M,T
2560,s1951_04,M,W
2561,s1166_10,M,L
2562,f1390_07,M,L
2563,s0818_02,M,L
2564,f1667_10,M,W
2565,f0175_06,M,L
2566,s0399_02,M,R
2567,s1120_02,F,A
2568,s1950_03,M,R
2569,f1383_03,M,T
2570,f1980_04,M,W
2571,f1222_02,M,T
2572,s1644_01,F,R
2573,s0880_09,F,W
2574,s1624_08,M,L
2575,s1316_09,M,L
2576,s1536_02,M,T
2577,s1534_05,F,A
2578,s1779_07,F,A
2579,s0361_06,F,L
2580,f1376_08,M,W
2581,f0440_08,F,W
2582,f0752_08,M,W
2583,s1774_03,F,R
2584,f1901_05,M,R
2585,s0985_01,M,A
2586,f1868_02,M,T
2587,f0781_02,F,A
2588,f0816_09,M,L
2589,f0554_02,M,R
2590,f1912_02,M,W
2591,s1214_02,M,W
2592,s1991_06,F,A
2593,f1836_02,F,T
2594,s1771_01,M,A
2595,f1790_06,M,W
2596,s0375_02,M,T
2597,s0943_01,M,R
2598,s1168_01,M,R
2599,s0164_05,F,R
2600,s1060_05,M,A
2601,s0967_02,M,T
2602,f0601_06,M,A
2603,s0923_04,M,W
2604,f1457_09,M,W
2605,f0353_03,F,T
2606,s1586_05,F,A
2607,s1220_02,M,T
2608,f0262_05,M,A
2609,s1418_10,M,L
2610,s1425_01,M,W
2611,f1421_04,F,R
2612,f1239_03,M,R
2613,f0187_08,M,T
2614,f1848_01,M,W
2615,f0653_07,F,T
2616,s1121_07,M,A
2617,f1833_05,M,W
2618,s0802_01,M,R
2619,f1703_01,M,W
2620,f1374_04,M,W
2621,f0976_09,M,A
2622,f0882_02,F,W
2623,s1574_07,M,A
2624,f0797_04,M,W
2625,s0654_07,M,T
2626,f0063_06,M,L
2627,s1647_02,F,A
2628,s0883_01,F,W
2629,s1100_09,M,L
2630,f0710_07,M,L
2631,s1760_04,M,R
2632,s0514_10,M,L
2633,s1694_03,M,W
2634,f0788_09,F,W
2635,s1457_09,M,W
2636,s0832_09,M,L
2637,s1445_10,M,A
2638,f0875_02,F,A
2639,f0839_10,M,L
2640,f0594_09,M,W
2641,s1414_08,M,A
2642,f1825_03,M,A
2643,s0615_01,F,R
2644,s0670_02,M,T
2645,s0364_03,F,A
2646,s1891_08,M,W
2647,s0405_02,M,R
2648,s1150_10,M,L
2649,f1257_04,F,R
2650,s1573_02,M,W
2651,s1431_08,F,A
2652,s1207_02,M,T
2653,s0281_04,M,R
2654,s1365_07,M,A
2655,f0962_06,M,L
2656,f1595_08,M,L
2657,f0605_03,M,A
2658,s0973_05,M,R
2659,f0342_10,F,L
2660,s0464_06,M,L
2661,s0252_01,M,W
2662,f1931_01,M,T
2663,s0466_10,M,T
2664,s0064_07,M,A
2665,f1083_02,M,T
2666,s1151_07,M,W
2667,f0769_04,M,R
2668,s1406_03,F,T
2669,f0145_10,M,A
2670,s1327_08,F,T
2671,s1706_07,M,T
2672,s0425_07,M,L
2673,s1940_03,M,R
2674,f1025_09,M,L
2675,f1393_01,M,W
2676,s1368_06,M,L
2677,s0098_07,M,A
2678,s1919_04,M,W
2679,f0227_02,F,A
2680,f1699_07,M,T
2681,f0648_07,F,T
2682,s1514_01,M,T
2683,s1436_09,M,L
2684,f0436_09,M,L
2685,s1177_08,M,A
2686,s1675_02,F,A
2687,s0467_01,M,W
2688,s0599_07,M,A
2689,s1318_05,F,A
2690,s0465_08,M,L
2691,s0785_04,M,W
2692,s0885_06,M,W
2693,s1018_05,M,R
2694,s1511_08,M,W
2695,s0217_02,M,T
2696,s1615_07,F,L
2697,s1918_05,M,A
2698,f1493_08,M,L
2699,s1778_05,M,R
2700,f0447_01,M,W
2701,f0395_08,M,T
2702,s1218_09,M,W
2703,s0113_01,M,R
2704,s0120_08,F,A
2705,s0276_09,M,W
2706,f0159_02,M,R
2707,s0768_09,M,W
2708,f1343_09,M,W
2709,f1093_05,M,R
2710,s1658_08,M,A
2711,s1460_06,F,L
2712,s1036_02,M,A
2713,s0004_05,M,R
2714,f1448_10,M,L
2715,s1371_08,M,T
2716,f1143_03,M,T
2717,f1439_01,M,R
2718,f0044_03,M,R
2719,f1461_07,M,W
2720,s0076_07,F,T
2721,s0991_02,M,W
2722,f1294_07,M,T
2723,f0188_10,M,L
2724,f0226_10,M,L
2725,s1090_08,M,T
2726,f1447_03,M,A
2727,f0844_03,F,T
2728,f0544_10,M,W
2729,f0561_08,M,T
2730,f1487_04,M,A
2731,s1204_06,F,L
2732,f0290_02,M,R
2733,f1872_04,M,W
2734,f1342_03,M,R
2735,f1824_05,M,R
2736,s0423_02,M,T
2737,s1399_06,M,T
2738,f1686_04,M,A
2739,f1334_08,M,L
2740,f1113_05,M,A
2741,f0915_09,M,A
2742,s0326_07,M,A
2743,f0355_08,M,T
2744,f1214_02,M,W
2745,f0230_10,M,A
2746,s1294_07,M,T
2747,f1032_09,M,A
2748,s1813_08,F,A
2749,s1853_06,M,W
2750,s1312_10,M,L
2751,s0589_04,M,R
2752,s1244_01,F,R
2753,s0371_05,M,W
2754,s1288_04,M,W
2755,s1575_08,F,T
2756,f0084_03,M,R
2757,s0685_07,M,L
2758,s0902_02,M,A
2759,s1887_06,M,L
2760,s0614_07,M,T
2761,s0237_07,M,A
2762,s0448_03,M,W
2763,f1714_03,M,A
2764,f1566_05,M,A
2765,f0830_02,M,A
2766,s0211_09,F,L
2767,f0162_09,F,L
2768,s0053_04,F,T
2769,s0890_01,F,A
2770,s1735_09,M,W
2771,f0538_07,M,A
2772,f0790_01,F,R
2773,f0670_02,M,T
2774,f1360_02,M,T
2775,f1278_06,M,W
2776,s0937_04,M,W
2777,f0149_03,M,R
2778,s1465_01,M,W
2779,f0683_04,M,W
2780,s1165_01,M,W
2781,f1031_07,F,T
2782,s1663_08,M,T
2783,s0143_05,M,R
2784,f1806_05,F,R
2785,f0191_06,M,L
2786,f1949_06,F,L
2787,s0248_02,M,R
2788,s1242_08,M,T
2789,f1095_09,M,L
2790,f0931_02,M,A
2791,s0619_03,M,W
2792,f0929_10,M,L
2793,f1880_04,M,W
2794,s0874_01,M,A
2795,s0793_09,M,L
2796,s0094_03,M,A
2797,f1442_07,M,T
2798,s1493_08,M,L
2799,f1337_02,F,A
2800,f0331_05,M,R
2801,f1253_03,M,R
2802,f0799_02,M,L
2803,f1849_02,M,A
2804,f1878_05,F,T
2805,f1310_09,M,L
2806,f0772_09,M,W
2807,s1461_07,M,W
2808,s0601_06,M,A
2809,s1071_08,M,A
2810,f1995_02,M,W
2811,s1208_07,M,W
2812,s1788_02,M,R
2813,f1803_08,F,L
2814,s0824_01,M,A
2815,s0284_10,M,L
2816,s1583_04,F,R
2817,s1498_03,M,T
2818,s0570_07,M,W
2819,s0035_07,M,L
2820,f1805_07,M,L
2821,s0133_03,M,W
2822,s1189_09,M,A
2823,s1372_04,M,W
2824,s0989_06,M,L
2825,s1578_01,M,W
2826,f1085_10,M,L
2827,s0182_10,M,L
2828,f0759_03,F,T
2829,f1271_08,F,L
2830,s1085_10,M,L
2831,f1668_07,M,R
2832,f1888_05,M,A
2833,f1846_09,F,A
2834,f1732_04,M,T
2835,f1993_03,M,A
2836,s1890_01,M,R
2837,s1252_07,M,W
2838,s0794_03,F,A
2839,s1622_07,M,L
2840,s0148_02,M,L
2841,s1024_02,M,T
2842,f1826_04,M,W
2843,s0920_05,M,W
2844,f0548_01,M,A
2845,f1245_05,M,A
2846,f1458_04,F,A
2847,f0332_03,M,A
2848,s1317_07,M,T
2849,f1547_01,M,R
2850,s0733_08,M,T
2851,f1706_07,M,T
2852,f0282_03,F,T
2853,f1617_03,M,R
2854,s1793_07,M,T
2855,s0341_03,M,R
2856,s1102_06,M,L
2857,f1810_05,F,R
2858,f1975_02,M,T
2859,f0450_10,M,A
2860,f1313_03,M,R
2861,f0535_08,M,L
2862,s1789_07,M,L
2863,s0994_04,F,T
2864,f0125_01,M,W
2865,s1016_01,M,R
2866,f1728_01,M,R
2867,f0335_06,M,L
2868,f0256_03,M,R
2869,f0093_09,M,W
2870,s0541_08,F,A
2871,s1096_06,M,A
2872,s0338_04,M,W
2873,f0224_09,M,L
2874,f0894_06,M,T
2875,f0992_09,M,L
2876,f1274_04,M,R
2877,s0791_03,M,A
2878,s1965_04,F,R
2879,s0406_04,M,T
2880,f0237_07,M,A
2881,s1236_10,M,L
2882,f0152_03,F,R
2883,s0858_03,M,R
2884,s1440_05,M,R
2885,s1822_03,M,R
2886,s1376_08,M,W
2887,s0496_03,M,T
2888,s1926_05,M,W
2889,s1065_05,M,R
2890,s0128_10,M,L
2891,s0180_01,M,W
2892,f0541_08,F,A
2893,s1673_06,M,W
2894,f1058_04,M,R
2895,f1950_03,M,R
2896,f1318_05,F,A
2897,f0423_02,M,T
2898,f0143_05,M,R
2899,f0887_05,M,R
2900,s1267_05,M,R
2901,f0460_04,M,W
2902,f1807_10,F,W
2903,s0129_04,M,W
2904,f0296_10,M,L
2905,s0650_01,M,W
2906,s1898_05,M,W
2907,s0107_03,M,R
2908,f0272_09,M,L
2909,f1977_01,F,R
2910,s1577_10,M,L
2911,s1692_08,M,L
2912,f0082_06,M,L
2913,f1102_06,M,L
2914,f1918_05,M,A
2915,f0617_01,M,T
2916,s0680_04,M,W
2917,f1198_07,M,R
2918,f1218_09,M,W
2919,f0161_04,M,A
2920,s0040_07,M,T
2921,s1106_07,M,T
2922,f1653_07,M,T
2923,f1054_01,M,W
2924,f1895_02,M,L
2925,s1448_10,M,L
2926,f0971_09,M,L
2927,s1223_07,M,T
2928,f1248_05,M,R
2929,f0805_01,M,R
2930,s1506_02,M,T
2931,f0783_04,M,W
2932,s0809_09,M,A
2933,f0978_09,F,L
2934,f0917_03,M,R
2935,f1044_09,M,A
2936,s0209_04,M,W
2937,f0964_03,M,T
2938,f1779_07,F,A
2939,f1001_05,M,T
2940,f1249_08,M,T
2941,s1114_06,M,W
2942,f0452_06,M,W
2943,s0600_04,F,W
2944,s1446_03,M,R
2945,f0983_03,M,R
2946,s1110_01,M,R
2947,s0930_10,M,L
2948,f0897_08,F,T
2949,f0285_08,M,T
2950,f0200_06,M,W
2951,f0032_03,M,A
2952,s0777_08,M,W
2953,s0300_08,M,T
2954,f0286_02,M,R
2955,s1213_04,M,A
2956,f1921_04,M,R
2957,s1349_04,F,A
2958,s1469_04,M,W
2959,f1948_05,M,A
2960,f1987_09,M,W
2961,f0667_02,M,R
2962,s0346_09,F,A
2963,s0713_03,M,R
2964,f0821_01,M,A
2965,s1964_10,F,W
2966,f0481_07,F,A
2967,f1639_06,M,T
2968,s1756_03,M,R
2969,f0428_09,M,W
2970,f1892_04,M,W
2971,s0274_05,M,R
2972,f1571_01,M,W
2973,f0838_06,M,L
2974,f0455_04,M,R
2975,f0809_09,M,A
2976,s1969_03,M,R
2977,s0876_04,M,R
2978,f0556_08,M,L
2979,s1185_03,M,T
2980,f0070_10,F,A
2981,f1890_01,M,R
2982,f0421_01,M,W
2983,s0104_08,M,W
2984,s0145_10,M,A
2985,f0650_01,M,W
2986,f0192_07,M,T
2987,s0578_02,M,A
2988,s1305_06,M,L
2989,s1390_07,M,L
2990,s0005_03,M,A
2991,f1575_08,F,T
2992,f0948_02,M,A
2993,f0004_05,M,R
2994,f0461_03,M,T
2995,f0955_10,M,A
2996,f1597_06,F,L
2997,s0295_07,M,T
2998,f0625_02,M,T
2999,s0436_09,M,L
3000,f0711_08,M,A
3001,f0078_03,M,R
3002,s1382_08,F,L
3003,s0037_06,M,W
3004,s0030_10,M,A
3005,s1811_02,M,T
3006,f1927_03,M,A
3007,s0067_03,M,R
3008,s1482_03,M,R
3009,s1097_09,M,W
3010,s0963_03,M,A
3011,s1806_05,F,R
3012,f1339_04,M,R
3013,s1707_02,M,T
3014,f0218_02,M,A
3015,f0757_10,F,L
3016,f1327_08,F,T
3017,f0686_10,M,L
3018,s1935_04,M,R
3019,f1741_06,M,L
3020,s1646_04,M,R
3021,s1490_08,M,T
3022,s1341_03,M,T
3023,s1537_07,M,W
3024,f1223_07,M,T
3025,f1003_04,M,T
3026,f1144_05,M,R
3027,s1125_01,F,R
3028,s1956_10,M,A
3029,s1740_07,M,A
3030,s1662_04,M,W
3031,s1038_02,M,A
3032,s0495_05,M,R
3033,s0054_03,F,T
3034,f1649_05,M,R
3035,f0958_09,M,T
3036,f0280_02,M,T
3037,s1946_09,M,A
3038,f1531_08,M,L
3039,s0972_08,M,L
3040,s0588_04,F,W
3041,f0911_03,M,R
3042,f0457_09,M,L
3043,s1118_02,M,L
3044,s0810_10,M,L
3045,f1924_10,M,L
3046,f0507_05,M,R
3047,s0265_04,F,W
3048,s1936_07,M,T
3049,s0386_02,M,T
3050,f1717_04,M,R
3051,f0388_06,M,W
3052,f0524_03,M,R
3053,s0797_04,M,W
3054,s1052_07,M,A
3055,f1726_02,M,T
3056,f1234_08,F,T
3057,f1391_10,F,L
3058,s0893_05,M,R
3059,s0357_07,F,A
3060,f0633_10,M,L
3061,s1504_10,M,L
3062,f1229_10,F,L
3063,f1499_01,M,A
3064,f1492_09,M,L
3065,s1556_06,M,L
3066,f1777_08,M,L
3067,f1170_01,M,R
3068,f0784_06,M,A
3069,s1836_02,F,T
3070,s1975_02,M,T
3071,f0346_09,F,A
3072,f1372_04,M,W
3073,f0394_07,M,T
3074,f1463_02,M,T
3075,s1257_04,F,R
3076,s1261_07,M,T
3077,f1126_07,M,A
3078,f0367_08,M,T
3079,f0399_02,M,R
3080,f1996_04,M,W
3081,f1154_01,M,R
3082,s1641_09,M,L
3083,f0973_05,M,R
3084,f1416_06,M,A
3085,f0528_03,M,R
3086,f1930_03,M,T
3087,s0463_10,F,A
3088,f0606_01,M,W
3089,f1395_02,F,R
3090,f1709_01,M,R
3091,f0441_10,M,A
3092,f0352_09,M,L
3093,s0719_10,M,L
3094,s0244_09,M,L
3095,f1637_06,M,W
3096,f0281_04,M,R
3097,f0896_05,M,W
3098,f1768_06,M,L
3099,f1979_03,F,A
3100,s1078_04,M,W
3101,s1433_07,M,T
3102,f0238_07,M,L
3103,f0509_07,M,L
3104,f0451_10,M,L
3105,f1161_01,M,A
3106,f0393_06,M,A
3107,f1620_07,M,L
3108,f0150_10,M,L
3109,f0243_08,M,T
3110,f0146_08,M,T
3111,s0616_08,M,T
3112,f1027_02,M,R
3113,f1727_02,M,T
3114,s1055_10,M,L
3115,f1787_04,M,R
3116,s0504_05,M,R
3117,s1683_08,M,T
3118,s1306_08,M,T
3119,f1596_04,M,R
3120,f0037_06,M,W
3121,s1415_08,M,W
3122,f0613_05,M,A
3123,s0867_02,F,W
3124,s0398_03,F,R
3125,f0786_09,M,T
3126,f1532_07,M,L
3127,s1103_10,M,L
3128,f1884_03,F,W
3129,s1130_09,M,L
3130,f0982_02,M,A
3131,f1870_02,M,T
3132,f1069_09,M,W
3133,f0715_07,M,A
3134,s1529_03,M,T
3135,s1724_01,M,W
3136,s1384_07,F,T
3137,s1623_04,M,R
3138,s0360_09,M,L
3139,s0168_02,F,A
3140,f1037_06,M,T
3141,s1596_04,M,R
3142,f0442_04,M,R
3143,f0843_05,M,R
3144,f1127_06,M,A
3145,f1478_07,M,A
3146,f0122_03,M,T
3147,s1701_01,M,R
3148,s1914_05,M,W
3149,s1639_06,M,T
3150,f0473_01,M,W
3151,f0668_02,M,T
3152,s1510_06,F,A
3153,f1401_06,F,A
3154,f0309_05,M,R
3155,f1737_07,M,A
3156,s1879_02,M,T
3157,s0946_05,M,W
3158,f0563_04,M,W
3159,f1906_01,M,W
3160,s0552_07,M,A
3161,s0416_06,F,R
3162,s1186_07,M,T
3163,s1005_10,F,L
3164,f0590_08,M,L
3165,f0842_05,M,R
3166,s1835_02,M,T
3167,f0502_02,M,W
3168,s1680_02,M,W
3169,f1117_02,F,T
3170,s1503_03,M,W
3171,f1967_08,F,T
3172,f1413_07,F,T
3173,f0303_03,F,T
3174,f0553_01,M,A
3175,s1952_02,M,T
3176,f1590_09,M,L
3177,s0974_04,M,R
3178,s1516_02,F,R
3179,s1129_06,M,A
3180,f0863_08,M,A
3181,s1164_08,M,L
3182,f1655_07,M,A
3183,f0828_07,M,W
3184,s1589_06,M,L
3185,f1533_05,F,R
3186,f1685_03,M,W
3187,f1611_07,M,T
3188,s1330_03,M,R
3189,s0447_01,M,W
3190,f1720_07,F,A
3191,f1985_03,M,R
3192,s0392_07,M,W
3193,f0804_03,M,T
3194,f0492_02,M,A
3195,f1783_04,F,R
3196,s0633_10,M,L
3197,f0006_09,M,A
3198,f1145_08,F,A
3199,f0942_08,M,L
3200,s2000_10,M,T
3201,s0527_09,M,A
3202,s1386_01,M,R
3203,f1763_10,F,A
3204,s1540_03,M,R
3205,f0251_05,M,A
3206,s1716_08,M,A
3207,f0778_04,M,R
3208,s0945_09,M,W
3209,s1335_08,M,T
3210,s1284_05,M,R
3211,f0522_09,M,L
3212,f1766_08,M,T
3213,f0127_04,F,T
3214,f0415_04,M,T
3215,f1784_02,M,R
3216,f1219_03,M,W
3217,f1598_06,F,A
3218,f0372_07,M,R
3219,f0363_10,M,L
3220,f1815_08,M,W
3221,f0176_08,M,W
3222,s1326_07,F,T
3223,s0339_05,F,R
3224,f0462_05,M,R
3225,f1135_09,M,A
3226,f1286_04,M,A
3227,f1118_02,M,L
3228,f1306_08,M,T
3229,f0860_07,M,W
3230,s1250_07,M,A
3231,f0431_05,F,R
3232,f1347_09,F,L
3233,s1265_06,M,W
3234,s0195_07,M,T
3235,s1686_04,M,A
3236,f1689_08,F,T
3237,s0980_06,M,L
3238,s0941_02,M,T
3239,f0934_10,M,L
3240,s0349_09,M,A
3241,f1404_09,M,L
3242,s1452_01,M,A
3243,f1780_03,F,T
3244,f0214_09,M,L
3245,s1421_04,F,R
3246,s1019_04,F,R
3247,s1094_08,M,A
3248,f0429_04,M,R
3249,s1467_09,M,W
3250,s0437_04,M,R
3251,f0136_01,F,R
3252,f0939_03,M,A
3253,s1040_01,M,W
3254,s0335_06,M,L
3255,f1989_01,M,A
3256,s1900_04,M,W
3257,f0255_05,M,W
3258,s0792_02,M,T
3259,f1759_09,M,T
3260,f0066_08,M,W
3261,f1156_09,M,A
3262,f0697_07,M,T
3263,s1803_08,F,L
3264,s1285_08,M,L
3265,f0158_04,M,W
3266,f0857_09,F,W
3267,f1319_01,M,W
3268,s0901_09,M,L
3269,f0932_01,F,A
3270,s1301_05,M,R
3271,f0636_02,M,T
3272,s0835_10,F,L
3273,s0192_07,M,T
3274,s1762_03,M,R
3275,s0062_06,M,L
3276,s0516_02,M,T
3277,f0410_06,M,L
3278,s0622_06,M,W
3279,f1068_05,F,A
3280,f1062_09,M,A
3281,s1304_06,M,W
3282,s0124_08,M,L
3283,f0334_02,M,W
3284,f1480_02,M,T
3285,s1693_08,F,T
3286,f1670_08,F,L
3287,s0992_09,M,L
3288,s1995_02,M,W
3289,s0313_08,M,W
3290,f1879_02,M,T
3291,f0972_08,M,L
3292,f0426_04,F,R
3293,s1417_02,M,R
3294,s1808_06,M,A
3295,f1646_04,M,R
3296,f1696_04,M,R
3297,s1997_04,M,A
3298,s1648_01,M,W
3299,s0612_04,F,W
3300,s0119_08,F,W
3301,f1817_07,M,T
3302,s0877_02,M,L
3303,s1850_04,M,R
3304,f1513_06,F,T
3305,f1854_09,M,L
3306,s1355_05,F,R
3307,f0953_09,M,W
3308,f1818_02,M,A
3309,f0511_10,M,L
3310,f0294_06,F,L
3311,s0879_02,F,R
3312,f0005_03,M,A
3313,f1615_07,F,L
3314,s1061_01,M,R
3315,s1112_04,M,W
3316,s0347_02,M,T
3317,s0137_01,M,A
3318,s1645_06,M,L
3319,s1496_10,M,A
3320,s1006_03,F,A
3321,s0301_02,M,A
3322,s0018_08,F,A
3323,f1522_03,M,W
3324,s1592_02,M,T
3325,f1049_08,M,A
3326,s1751_08,M,T
3327,f0471_01,F,R
3328,f1988_05,M,R
3329,f1146_03,F,T
3330,s1713_07,F,W
3331,f1778_05,M,R
3332,s0673_03,M,W
3333,f0734_10,M,L
3334,f1346_05,M,R
3335,s0457_09,M,L
3336,f1358_09,M,L
3337,f0051_09,F,A
3338,f1098_02,M,T
3339,s0758_07,M,T
3340,f1961_07,M,A
3341,f0840_03,M,A
3342,f1812_09,M,L
3343,s1961_07,M,A
3344,s0282_03,F,T
3345,f1704_09,F,L
3346,f1904_07,M,W
3347,f1014_06,M,L
3348,s0176_08,M,W
3349,s1971_04,F,R
3350,s0028_08,F,T
3351,f1799_01,M,W
3352,f0770_10,M,A
3353,f0316_03,M,T
3354,s0661_07,M,A
3355,s0753_03,M,R
3356,f0730_05,M,A
3357,s1195_01,F,R
3358,f0787_05,M,R
3359,s0084_03,M,R
3360,s1600_02,M,A
3361,f0343_09,F,L
3362,s0627_04,M,R
3363,s1281_08,F,A
3364,f0794_03,F,A
3365,s0910_07,M,T
3366,s0596_04,M,R
3367,s1535_08,M,L
3368,s1364_05,M,R
3369,s0560_08,M,T
3370,f0379_06,M,L
3371,s0535_08,M,L
3372,f1096_06,M,A
3373,s0576_08,M,L
3374,f1974_09,M,L
3375,s0193_01,F,R
3376,s1363_08,F,T
3377,s0743_07,M,T
3378,s1831_08,M,T
3379,f1505_10,M,L
3380,f1088_03,F,T
3381,f0530_09,F,L
3382,f0252_01,M,W
3383,s1117_02,F,T
3384,f1366_06,M,T
3385,s0110_08,M,R
3386,f0718_06,M,L
3387,f1916_09,M,T
3388,f0551_08,M,T
3389,s0774_07,M,A
3390,f0482_08,M,L
3391,f0814_01,M,W
3392,s0291_03,M,W
3393,s0894_06,M,T
3394,s1731_04,M,A
3395,f0095_05,M,R
3396,s1082_08,F,T
3397,s1999_03,F,W
3398,f0276_09,M,W
3399,f0540_08,M,R
3400,f0437_04,M,R
3401,f1254_06,F,A
3402,f1577_10,M,L
3403,f1331_04,M,R
3404,s0697_07,M,T
3405,s0572_06,M,W
3406,s0442_04,M,R
3407,s0775_09,M,W
3408,f1905_08,M,T
3409,s1800_04,M,R
3410,s1571_01,M,W
3411,f0516_02,M,T
3412,s0290_02,M,R
3413,f1630_05,M,R
3414,f1658_08,M,A
3415,s0135_04,M,R
3416,s1753_02,M,R
3417,f1956_10,M,A
3418,f0185_05,M,R
3419,s0964_03,M,T
3420,s0816_09,M,L
3421,s1314_02,M,W
3422,f1713_07,F,W
3423,s0609_01,F,A
3424,f0620_09,M,L
3425,f1180_03,F,R
3426,f1873_05,M,R
3427,f0016_08,M,A
3428,s1579_01,M,R
3429,s0139_10,M,L
3430,s0260_02,F,T
3431,f0946_05,M,W
3432,s1815_08,M,W
3433,f1580_09,M,W
3434,f0912_02,M,T
3435,f1162_01,F,W
3436,s0681_08,M,A
3437,s0875_02,F,A
3438,f1641_09,M,L
3439,s1337_02,F,A
3440,f0913_07,M,T
3441,s1921_04,M,R
3442,s0169_05,M,R
3443,f0508_05,M,R
3444,f0092_07,F,A
3445,f1024_02,M,T
3446,s0892_06,M,L
3447,s0653_07,F,T
3448,s1612_08,M,T
3449,f1308_07,F,A
3450,s0863_08,M,A
3451,s1258_09,M,L
3452,s0452_06,M,W
3453,s0755_10,F,L
3454,s1825_03,M,A
3455,s1515_02,M,T
3456,f1136_05,F,A
3457,f1619_04,M,R
3458,f1953_03,M,T
3459,s0725_09,F,L
3460,f0373_09,M,A
3461,f1504_10,M,L
3462,f1064_06,M,W
3463,s0760_06,M,T
3464,f0994_04,F,T
3465,f0884_03,M,T
3466,f1400_01,M,R
3467,s1958_04,F,A
3468,s1141_06,F,L
3469,f0055_10,M,L
3470,s0245_07,M,W
3471,s0057_02,M,W
3472,s0376_01,M,W
3473,s0087_03,M,T
3474,f0607_04,M,R
3475,f1758_03,M,R
3476,s0453_08,M,L
3477,f0831_10,M,A
3478,f0695_05,M,A
3479,f1149_09,F,T
3480,s1080_01,M,A
3481,s0478_07,M,A
3482,f1361_10,F,L
3483,f1235_01,M,R
3484,s1459_09,M,W
3485,s1027_02,M,R
3486,s1820_01,F,A
3487,f1316_09,M,L
3488,f0761_06,M,L
3489,f1521_02,M,T
3490,f1384_07,F,T
3491,s1844_06,M,W
3492,s0156_02,M,T
3493,f1357_05,F,L
3494,f1775_10,M,W
3495,f0052_08,M,L
3496,f1656_02,M,T
3497,s0039_03,M,T
3498,s0834_02,F,A
3499,f1450_09,M,W
3500,f1172_01,M,A
3501,f1681_10,M,W
3502,s1769_07,M,T
3503,s1563_01,M,R
3504,s0756_07,M,A
3505,s0013_03,M,A
3506,f1232_09,M,L
3507,s0842_05,M,R
3508,f1244_01,F,R
3509,f1354_07,M,T
3510,s1976_10,M,W
3511,f0193_01,F,R
3512,s1902_04,M,R
3513,s1095_09,M,L
3514,s0007_09,M,L
3515,s0905_03,M,T
3516,s0978_09,F,L
3517,s0826_01,M,R
3518,f0945_09,M,W
3519,f0057_02,M,W
3520,f1381_01,M,R
3521,f0307_05,M,R
3522,f0180_01,M,W
3523,s0665_07,M,W
3524,s0696_07,F,T
3525,f0449_05,M,A
3526,s1657_08,M,L
3527,s0222_03,M,T
3528,s0640_05,F,R
3529,f1599_04,F,R
3530,s0763_05,M,W
3531,f0880_09,F,W
3532,f1402_04,M,R
3533,s1111_08,F,W
3534,f1525_10,M,L
3535,f0289_01,M,R
3536,f0375_02,M,T
3537,f1396_07,M,T
3538,f0768_09,M,W
3539,f1455_03,M,T
3540,s0507_05,M,R
3541,s0083_04,M,R
3542,s1176_08,M,A
3543,f1073_06,F,L
3544,f0088_02,M,A
3545,f0021_07,M,T
3546,s1124_05,M,R
3547,f1028_06,F,L
3548,s1191_10,F,L
3549,s0668_02,M,T
3550,s1828_09,F,A
3551,f1913_06,M,L
3552,s1190_04,M,R
3553,s1749_07,M,T
3554,f1756_03,M,R
3555,s0177_02,F,T
3556,s0134_03,F,T
3557,s0186_04,M,T
3558,s0805_01,M,R
3559,s0866_07,M,L
3560,s0919_06,M,L
3561,s1235_01,M,R
3562,f1411_05,M,A
3563,f0526_10,M,L
3564,f0611_01,M,W
3565,s0558_01,M,A
3566,s1303_10,M,A
3567,f0396_09,M,W
3568,s0102_02,M,W
3569,s1635_02,M,T
3570,s1588_07,F,T
3571,s0847_01,F,W
3572,f0928_09,M,L
3573,s0317_05,F,R
3574,f1702_03,M,T
3575,f0107_03,M,R
3576,f0803_09,M,L
3577,f1255_07,M,T
3578,s1721_09,M,W
3579,s0203_10,M,L
3580,s1796_09,F,A
3581,s1430_05,M,R
3582,s0896_05,M,W
3583,f1086_03,M,A
3584,s0153_08,M,W
3585,s0206_08,M,T
3586,f0012_01,F,A
3587,s1007_08,M,L
3588,f1322_09,M,L
3589,s0568_07,M,T
3590,s1517_07,M,W
3591,f0199_04,M,W
3592,f1623_04,M,R
3593,s0799_02,M,L
3594,s1679_09,F,A
3595,f1045_04,M,W
3596,f1270_02,F,W
3597,s1974_09,M,L
3598,s1377_08,F,W
3599,f1380_02,M,T
3600,s0916_09,M,L
3601,f1910_01,M,R
3602,s0838_06,M,L
3603,s1555_10,M,A
3604,s1450_09,M,W
3605,f0413_01,F,R
3606,f0815_07,M,L
3607,f1782_09,M,L
3608,s0658_09,F,W
3609,s1996_04,M,W
3610,s0663_04,M,A
3611,f1465_01,M,W
3612,s0194_10,F,A
3613,f0003_10,F,L
3614,s0058_10,M,A
3615,f0179_09,M,L
3616,s0726_06,M,A
3617,s0851_05,M,R
3618,f0261_01,M,R
3619,f1431_08,F,A
3620,s1344_09,M,W
3621,f0763_05,M,W
3622,s1020_06,M,A
3623,s0738_09,M,W
3624,s1419_05,M,R
3625,f0819_07,M,T
3626,s0549_10,M,A
3627,f0692_02,M,T
3628,s1370_05,M,R
3629,s0199_04,M,W
3630,s0536_02,M,W
3631,f0466_10,M,T
3632,s0825_09,M,W
3633,f1186_07,M,T
3634,f0580_02,M,T
3635,f1104_10,M,W
3636,s0298_06,M,L
3637,s1002_06,M,L
3638,f0961_03,M,R
3639,f0975_04,M,W
3640,s1255_07,M,T
3641,f1497_03,M,W
3642,f0641_05,M,R
3643,s1978_10,M,L
3644,s0075_09,M,L
3645,s1559_06,M,W
3646,s1042_03,M,T
3647,s0862_08,M,T
3648,s0598_08,F,T
3649,f1185_03,M,T
3650,f1535_08,M,L
3651,f1108_02,M,A
3652,s1584_03,M,T
3653,s1422_06,M,W
3654,s0389_07,M,T
3655,s1944_07,M,A
3656,f0921_04,M,A
3657,s1297_09,F,L
3658,f1965_04,F,R
3659,s1310_09,M,L
3660,f0501_06,M,W
3661,f1660_08,M,A
3662,f1594_07,M,W
3663,f1378_08,M,L
3664,f1793_07,M,T
3665,s0304_08,M,T
3666,f1716_08,M,A
3667,f1087_02,F,T
3668,f0499_03,M,R
3669,f1636_03,M,A
3670,f1015_01,M,R
3671,s1929_09,M,W
3672,f0985_01,M,A
3673,f1261_07,M,T
3674,s0731_02,M,T
3675,s0483_01,M,R
3676,s0592_10,M,A
3677,f0387_04,M,R
3678,s0857_09,F,W
3679,s0320_10,M,A
3680,s0476_09,F,L
3681,f0935_06,M,L
3682,s1653_07,M,T
3683,s1705_01,M,A
3684,s1320_10,F,L
3685,s1423_10,M,L
3686,s0591_06,M,A
3687,f0579_02,F,A
3688,f0204_10,M,L
3689,s1470_09,M,W
3690,s1703_01,M,W
3691,f1392_10,M,L
3692,f1925_03,M,A
3693,f1272_01,F,A
3694,f1148_04,F,A
3695,s1188_06,M,W
3696,f0806_04,M,R
3697,f1066_08,M,A
3698,s1455_03,M,T
3699,s1269_04,F,R
3700,f0755_10,F,L
3701,s0022_05,M,R
3702,s1734_09,M,A
3703,s1531_08,M,L
3704,s0212_04,F,R
3705,s0330_08,F,A
3706,f0762_06,F,A
3707,s1873_05,M,R
3708,f0966_04,M,A
3709,s0112_02,M,T
3710,s1923_06,M,A
3711,s1159_10,M,A
3712,s0702_08,M,T
3713,f1607_08,M,T
3714,s1640_04,M,W
3715,f1417_02,M,R
3716,s1565_09,M,L
3717,s0117_09,M,L
3718,f1788_02,M,R
3719,f1103_10,M,L
3720,s1434_03,M,W
3721,f1236_10,M,L
3722,s1931_01,M,T
3723,f1962_03,M,A
3724,s0975_04,M,W
3725,f0026_03,M,T
3726,f0248_02,M,R
3727,f1009_10,M,W
3728,s0742_07,F,T
3729,f0322_06,F,A
3730,f0679_03,F,A
3731,f0494_08,M,A
3732,f1160_02,M,W
3733,s0065_09,M,L
3734,f1664_03,M,R
3735,f0064_07,M,A
3736,s0051_09,F,A
3737,f1188_06,M,W
3738,s0043_08,M,A
3739,f1628_10,M,L
3740,f0612_04,F,W
3741,f0521_08,M,L
3742,f1862_09,M,L
3743,s1099_05,F,A
3744,f0746_10,M,T
3745,s1708_07,M,W
3746,f0129_04,M,W
3747,f0438_05,M,R
3748,f0302_01,F,W
3749,s1849_02,M,A
3750,s0676_02,F,T
3751,s0652_05,F,R
3752,f1063_09,M,L
3753,f0324_04,M,W
3754,f0232_09,M,L
3755,s0170_02,M,A
3756,s1256_07,M,A
3757,s0345_05,M,R
3758,f1498_03,M,T
3759,s0739_05,M,T
3760,f1410_02,M,R
3761,f0588_04,F,W
3762,s0208_03,F,T
3763,s1699_07,M,T
3764,f1645_06,M,L
3765,f1199_08,M,T
3766,s0837_02,M,L
3767,s0687_01,M,R
3768,s1558_07,M,T
3769,f1415_08,M,W
3770,s1234_08,F,T
3771,s0580_02,M,T
3772,f0694_09,F,T
3773,f0147_06,M,L
3774,f0484_05,M,A
3775,s0100_10,M,W
3776,s0258_04,M,W
3777,f1409_06,M,L
3778,s1660_08,M,A
3779,f1514_01,M,T
3780,s1832_09,F,W
3781,f0135_04,M,R
3782,s1741_06,M,L
3783,s1889_04,M,R
3784,f0476_09,F,L
3785,f1055_10,M,L
3786,s1941_03,M,R
3787,s0277_05,F,T
3788,f0178_02,M,T
3789,s1614_09,M,L
3790,s1823_01,F,R
3791,s0432_06,M,L
3792,s0990_09,M,L
3793,s1010_02,M,T
3794,s0513_07,M,T
3795,f0163_03,M,T
3796,f0417_08,M,L
3797,f1972_03,M,T
3798,f0105_03,M,T
3799,s0727_07,F,T
3800,s1776_09,M,W
3801,f1723_05,M,A
3802,f1690_01,M,A
3803,f0112_02,M,T
3804,f0634_09,M,L
3805,s1394_07,M,W
3806,s1669_03,M,T
3807,f1471_01,M,W
3808,f1652_09,M,L
3809,f1275_02,M,T
3810,s0020_06,M,A
3811,f0618_09,M,L
3812,f0780_05,M,T
3813,s0626_07,M,R
3814,f1856_06,F,L
3815,s1670_08,F,L
3816,f0196_05,F,A
3817,f1489_04,M,R
3818,s0940_02,M,W
3819,f1748_02,M,T
3820,s0677_01,M,A
3821,s1253_03,M,R
3822,s1992_01,M,R
3823,f0376_01,M,W
3824,f1467_09,M,W
3825,s1182_02,M,T
3826,f0269_01,M,R
3827,s1264_05,M,R
3828,f0775_09,M,W
3829,f1377_08,F,W
3830,s0430_10,M,L
3831,f1764_08,M,A
3832,s0401_08,M,T
3833,s0886_09,M,L
3834,f1280_04,F,A
3835,s1593_04,F,R
3836,f1191_10,F,L
3837,f0033_02,M,R
3838,s1937_06,M,L
3839,f0347_02,M,T
3840,f0646_09,F,L
3841,s1101_06,F,L
3842,s1916_09,M,T
3843,f1968_08,M,L
3844,f0514_10,M,L
3845,f0439_02,M,T
3846,s1300_08,M,T
3847,f1328_01,F,R
3848,s0214_09,M,L
3849,f1605_03,F,A
3850,f0720_02,M,L
3851,f1224_04,M,W
3852,s0202_08,M,L
3853,f0446_01,M,R
3854,f0993_08,F,T
3855,s1369_07,M,A
3856,s0444_03,M,A
3857,f1167_07,M,A
3858,f0362_05,M,W
3859,f1491_06,M,A
3860,f0916_09,M,L
3861,f0765_07,M,T
3862,s0701_05,M,R
3863,s0024_06,M,W
3864,f0598_08,F,T
3865,f0295_07,M,T
3866,s0069_10,F,A
3867,s1549_08,M,A
3868,s0384_09,M,L
3869,s0897_08,F,T
3870,f0384_09,M,L
3871,s1424_10,M,L
3872,f1751_08,M,T
3873,f0267_07,F,A
3874,f1694_03,M,W
3875,s1704_09,F,L
3876,f0250_10,M,L
3877,f0408_01,M,W
3878,s1726_02,M,T
3879,s0088_02,M,A
3880,s1542_06,M,W
3881,f0643_02,M,W
3882,s1058_04,M,R
3883,s1668_07,M,R
3884,s1054_01,M,W
3885,f1516_02,F,R
3886,s1412_04,M,R
3887,f0859_04,M,W
3888,s0061_08,M,W
3889,s0350_07,M,T
3890,f1934_07,M,T
3891,f0087_03,M,T
3892,f1237_09,M,W
3893,f0486_10,M,T
3894,f0008_10,F,T
3895,s0908_07,F,A
3896,s1395_02,F,R
3897,f1207_02,M,T
3898,f0053_04,F,T
3899,f0779_10,M,L
3900,f0299_06,M,W
3901,s1748_02,M,T
3902,f0570_07,M,W
3903,f1220_02,M,T
3904,f1230_04,M,R
3905,s0367_08,M,T
3906,f0487_02,M,W
3907,s0059_02,M,A
3908,s0316_03,M,T
3909,s1439_01,M,R
3910,s0473_01,M,W
3911,f1119_02,M,T
3912,f0676_02,F,T
3913,s0703_02,M,T
3914,f1609_07,M,T
3915,f0489_04,M,R
3916,s1474_04,M,R
3917,f0480_04,F,R
3918,f0861_03,M,W
3919,s0641_05,M,R
3920,f0443_06,M,L
3921,f0567_06,M,A
3922,s1299_07,F,T
3923,f0564_05,M,R
3924,f1341_03,M,T
3925,f1562_01,F,R
3926,f1889_04,M,R
3927,f0573_07,M,T
3928,f0123_06,F,L
3929,s1127_06,M,A
3930,s0938_06,M,L
3931,s0543_07,M,W
3932,s0848_01,M,R
3933,f0260_02,F,T
3934,f1876_05,M,W
3935,s1746_09,M,L
3936,f0987_09,M,L
3937,s1587_05,M,R
3938,f1651_02,M,W
3939,s0413_01,F,R
3940,f1268_02,M,T
3941,f0583_02,M,R
3942,s0256_03,M,R
3943,s0959_07,M,T
3944,f0194_10,F,A
3945,s1837_04,M,A
3946,f0523_06,M,L
3947,s1507_07,M,W
3948,f1795_05,M,A
3949,s0915_09,M,A
3950,s0450_10,M,A
3951,f0080_09,M,L
3952,s0132_07,M,T
3953,s1066_08,M,A
3954,s1932_09,F,L
3955,f0796_08,F,T
3956,f0841_09,F,L
3957,s0773_10,M,L
3958,f0658_09,F,W
3959,s1628_10,M,L
3960,f1211_10,F,L
3961,f0919_06,M,L
3962,s1499_01,M,A
3963,s0546_03,M,R
3964,f1923_06,M,A
3965,s0683_04,M,W
3966,s0097_06,M,A
3967,f0717_10,F,L
3968,s0307_05,M,R
3969,f0943_01,M,R
3970,s0344_06,M,T
3971,s0470_01,M,W
3972,s0456_06,M,T
3973,s0443_06,M,L
3974,s0935_06,M,L
3975,s0306_03,M,R
3976,f0719_10,M,L
3977,s1761_09,M,L
3978,f0284_10,M,L
3979,f1142_03,M,T
3980,s0160_08,M,T
3981,s0840_03,M,A
3982,f1215_08,M,A
3983,s0540_08,M,R
3984,f0938_06,M,L
3985,f1740_07,M,A
3986,s1336_10,M,L
3987,f0121_07,F,A
3988,f0632_07,M,R
3989,f0726_06,M,A
3990,f0986_08,M,W
3991,s1196_04,M,W
3992,f1920_06,M,A
3993,s0196_05,F,A
3994,f0693_03,F,T
3995,f0257_07,M,W
3996,f0968_10,M,L
3997,s1025_09,M,L
3998,f0491_05,M,A
3999,s1804_06,M,W
